
CREATE SCHEMA geko;


ALTER SCHEMA geko OWNER TO postgres;

--
-- TOC entry 2 (class 3079 OID 11855)
-- Name: plpgsql; Type: EXTENSION; Schema: -; Owner: 
--

CREATE EXTENSION IF NOT EXISTS plpgsql WITH SCHEMA pg_catalog;


--
-- TOC entry 2053 (class 0 OID 0)
-- Dependencies: 2
-- Name: EXTENSION plpgsql; Type: COMMENT; Schema: -; Owner: 
--

COMMENT ON EXTENSION plpgsql IS 'PL/pgSQL procedural language';


--
-- TOC entry 1 (class 3079 OID 16384)
-- Name: adminpack; Type: EXTENSION; Schema: -; Owner: 
--

CREATE EXTENSION IF NOT EXISTS adminpack WITH SCHEMA pg_catalog;


--
-- TOC entry 2054 (class 0 OID 0)
-- Dependencies: 1
-- Name: EXTENSION adminpack; Type: COMMENT; Schema: -; Owner: 
--

COMMENT ON EXTENSION adminpack IS 'administrative functions for PostgreSQL';


SET default_tablespace = '';

SET default_with_oids = false;

--
-- TOC entry 176 (class 1259 OID 16402)
-- Name: persistent_logins; Type: TABLE; Schema: geko; Owner: postgres; Tablespace: 
--

CREATE TABLE geko.persistent_logins (
    username character varying(255) NOT NULL,
    series character varying(64) NOT NULL,
    token character varying(64) NOT NULL,
    last_used timestamp(6) without time zone NOT NULL
);


ALTER TABLE geko.persistent_logins OWNER TO postgres;

--
-- TOC entry 2055 (class 0 OID 0)
-- Dependencies: 176
-- Name: TABLE persistent_logins; Type: COMMENT; Schema: geko; Owner: postgres
--

COMMENT ON TABLE geko.persistent_logins IS 'ログイン情報保持';


--
-- TOC entry 2056 (class 0 OID 0)
-- Dependencies: 176
-- Name: COLUMN persistent_logins.username; Type: COMMENT; Schema: geko; Owner: postgres
--

COMMENT ON COLUMN geko.persistent_logins.username IS 'username';


--
-- TOC entry 2057 (class 0 OID 0)
-- Dependencies: 176
-- Name: COLUMN persistent_logins.series; Type: COMMENT; Schema: geko; Owner: postgres
--

COMMENT ON COLUMN geko.persistent_logins.series IS 'series';


--
-- TOC entry 2058 (class 0 OID 0)
-- Dependencies: 176
-- Name: COLUMN persistent_logins.token; Type: COMMENT; Schema: geko; Owner: postgres
--

COMMENT ON COLUMN geko.persistent_logins.token IS 'token';


--
-- TOC entry 2059 (class 0 OID 0)
-- Dependencies: 176
-- Name: COLUMN persistent_logins.last_used; Type: COMMENT; Schema: geko; Owner: postgres
--

COMMENT ON COLUMN geko.persistent_logins.last_used IS 'last_used';


--
-- TOC entry 178 (class 1259 OID 16412)
-- Name: td_location; Type: TABLE; Schema: geko; Owner: postgres; Tablespace: 
--

CREATE TABLE geko.td_location (
    btx_id integer NOT NULL,
    recv_timestamp bigint NOT NULL,
    major integer NOT NULL,
    minor integer NOT NULL,
    pos_id integer,
    beacon_id integer NOT NULL
);


ALTER TABLE geko.td_location OWNER TO postgres;

--
-- TOC entry 2060 (class 0 OID 0)
-- Dependencies: 178
-- Name: TABLE td_location; Type: COMMENT; Schema: geko; Owner: postgres
--

COMMENT ON TABLE geko.td_location IS '測位情報:';


--
-- TOC entry 2061 (class 0 OID 0)
-- Dependencies: 178
-- Name: COLUMN td_location.btx_id; Type: COMMENT; Schema: geko; Owner: postgres
--

COMMENT ON COLUMN geko.td_location.btx_id IS 'ビーコンタグID:BeaconTXのID';


--
-- TOC entry 2062 (class 0 OID 0)
-- Dependencies: 178
-- Name: COLUMN td_location.recv_timestamp; Type: COMMENT; Schema: geko; Owner: postgres
--

COMMENT ON COLUMN geko.td_location.recv_timestamp IS '検知時刻:UNIX timeでミリ秒単位';


--
-- TOC entry 2063 (class 0 OID 0)
-- Dependencies: 178
-- Name: COLUMN td_location.major; Type: COMMENT; Schema: geko; Owner: postgres
--

COMMENT ON COLUMN geko.td_location.major IS 'メジャー番号:BeaconTXのmajor番号';


--
-- TOC entry 2064 (class 0 OID 0)
-- Dependencies: 178
-- Name: COLUMN td_location.minor; Type: COMMENT; Schema: geko; Owner: postgres
--

COMMENT ON COLUMN geko.td_location.minor IS 'マイナー番号:BeaconTXのminor番号';


--
-- TOC entry 2065 (class 0 OID 0)
-- Dependencies: 178
-- Name: COLUMN td_location.pos_id; Type: COMMENT; Schema: geko; Owner: postgres
--

COMMENT ON COLUMN geko.td_location.pos_id IS '位置ID:位置ID(原則として最寄りのEXBeaconに対応)';


--
-- TOC entry 2066 (class 0 OID 0)
-- Dependencies: 178
-- Name: COLUMN td_location.beacon_id; Type: COMMENT; Schema: geko; Owner: postgres
--

COMMENT ON COLUMN geko.td_location.beacon_id IS 'デバイスID:最寄りのEXBeaconのデバイスID';


--
-- TOC entry 175 (class 1259 OID 16394)
-- Name: td_rating; Type: TABLE; Schema: geko; Owner: postgres; Tablespace: 
--

CREATE TABLE geko.td_rating (
    cuser_id character varying(255) NOT NULL,
    rating_date date NOT NULL,
    rating integer,
    shortcut integer,
    detour integer,
    wrongway integer,
    elapsedtime integer,
    user_id character varying(255) NOT NULL,
    last_modified timestamp(6) without time zone NOT NULL
);


ALTER TABLE geko.td_rating OWNER TO postgres;

--
-- TOC entry 2067 (class 0 OID 0)
-- Dependencies: 175
-- Name: COLUMN td_rating.cuser_id; Type: COMMENT; Schema: geko; Owner: postgres
--

COMMENT ON COLUMN geko.td_rating.cuser_id IS '児童ユーザID';


--
-- TOC entry 2068 (class 0 OID 0)
-- Dependencies: 175
-- Name: COLUMN td_rating.rating_date; Type: COMMENT; Schema: geko; Owner: postgres
--

COMMENT ON COLUMN geko.td_rating.rating_date IS '評価日';


--
-- TOC entry 2069 (class 0 OID 0)
-- Dependencies: 175
-- Name: COLUMN td_rating.rating; Type: COMMENT; Schema: geko; Owner: postgres
--

COMMENT ON COLUMN geko.td_rating.rating IS '評価値';


--
-- TOC entry 2070 (class 0 OID 0)
-- Dependencies: 175
-- Name: COLUMN td_rating.shortcut; Type: COMMENT; Schema: geko; Owner: postgres
--

COMMENT ON COLUMN geko.td_rating.shortcut IS '近道した交差点数';


--
-- TOC entry 2071 (class 0 OID 0)
-- Dependencies: 175
-- Name: COLUMN td_rating.detour; Type: COMMENT; Schema: geko; Owner: postgres
--

COMMENT ON COLUMN geko.td_rating.detour IS '寄り道した交差点数';


--
-- TOC entry 2072 (class 0 OID 0)
-- Dependencies: 175
-- Name: COLUMN td_rating.wrongway; Type: COMMENT; Schema: geko; Owner: postgres
--

COMMENT ON COLUMN geko.td_rating.wrongway IS '逆走した交差点数';


--
-- TOC entry 2073 (class 0 OID 0)
-- Dependencies: 175
-- Name: COLUMN td_rating.elapsedtime; Type: COMMENT; Schema: geko; Owner: postgres
--

COMMENT ON COLUMN geko.td_rating.elapsedtime IS '下校にかかった時間';


--
-- TOC entry 2074 (class 0 OID 0)
-- Dependencies: 175
-- Name: COLUMN td_rating.user_id; Type: COMMENT; Schema: geko; Owner: postgres
--

COMMENT ON COLUMN geko.td_rating.user_id IS '登録者';


--
-- TOC entry 2075 (class 0 OID 0)
-- Dependencies: 175
-- Name: COLUMN td_rating.last_modified; Type: COMMENT; Schema: geko; Owner: postgres
--

COMMENT ON COLUMN geko.td_rating.last_modified IS '最終更新日時';


--
-- TOC entry 177 (class 1259 OID 16407)
-- Name: td_sensor; Type: TABLE; Schema: geko; Owner: postgres; Tablespace: 
--

CREATE TABLE geko.td_sensor (
    sensor_id character varying(20) NOT NULL,
    recv_timestamp bigint NOT NULL,
    accl_x numeric(11,10),
    accl_y numeric(11,10),
    accl_z numeric(11,10),
    angl_x numeric(14,10),
    angl_y numeric(14,10),
    angl_z numeric(14,10),
    temperature numeric(4,2),
    pressure numeric(8,4)
);


ALTER TABLE geko.td_sensor OWNER TO postgres;

--
-- TOC entry 2076 (class 0 OID 0)
-- Dependencies: 177
-- Name: TABLE td_sensor; Type: COMMENT; Schema: geko; Owner: postgres
--

COMMENT ON TABLE geko.td_sensor IS 'センサー情報';


--
-- TOC entry 2077 (class 0 OID 0)
-- Dependencies: 177
-- Name: COLUMN td_sensor.sensor_id; Type: COMMENT; Schema: geko; Owner: postgres
--

COMMENT ON COLUMN geko.td_sensor.sensor_id IS 'センサーID';


--
-- TOC entry 2078 (class 0 OID 0)
-- Dependencies: 177
-- Name: COLUMN td_sensor.recv_timestamp; Type: COMMENT; Schema: geko; Owner: postgres
--

COMMENT ON COLUMN geko.td_sensor.recv_timestamp IS '検知時刻:StartDatetimeとtimeの値を足した日時(UNIX time)';


--
-- TOC entry 2079 (class 0 OID 0)
-- Dependencies: 177
-- Name: COLUMN td_sensor.accl_x; Type: COMMENT; Schema: geko; Owner: postgres
--

COMMENT ON COLUMN geko.td_sensor.accl_x IS '加速度(x軸):単位：g';


--
-- TOC entry 2080 (class 0 OID 0)
-- Dependencies: 177
-- Name: COLUMN td_sensor.accl_y; Type: COMMENT; Schema: geko; Owner: postgres
--

COMMENT ON COLUMN geko.td_sensor.accl_y IS '加速度(y軸):単位：g';


--
-- TOC entry 2081 (class 0 OID 0)
-- Dependencies: 177
-- Name: COLUMN td_sensor.accl_z; Type: COMMENT; Schema: geko; Owner: postgres
--

COMMENT ON COLUMN geko.td_sensor.accl_z IS '加速度(z軸):単位：g';


--
-- TOC entry 2082 (class 0 OID 0)
-- Dependencies: 177
-- Name: COLUMN td_sensor.angl_x; Type: COMMENT; Schema: geko; Owner: postgres
--

COMMENT ON COLUMN geko.td_sensor.angl_x IS '角速度(x軸):単位：dps';


--
-- TOC entry 2083 (class 0 OID 0)
-- Dependencies: 177
-- Name: COLUMN td_sensor.angl_y; Type: COMMENT; Schema: geko; Owner: postgres
--

COMMENT ON COLUMN geko.td_sensor.angl_y IS '角速度(y軸):単位：dps';


--
-- TOC entry 2084 (class 0 OID 0)
-- Dependencies: 177
-- Name: COLUMN td_sensor.angl_z; Type: COMMENT; Schema: geko; Owner: postgres
--

COMMENT ON COLUMN geko.td_sensor.angl_z IS '角速度(z軸):単位：dps';


--
-- TOC entry 2085 (class 0 OID 0)
-- Dependencies: 177
-- Name: COLUMN td_sensor.temperature; Type: COMMENT; Schema: geko; Owner: postgres
--

COMMENT ON COLUMN geko.td_sensor.temperature IS '気温:単位：degree';


--
-- TOC entry 2086 (class 0 OID 0)
-- Dependencies: 177
-- Name: COLUMN td_sensor.pressure; Type: COMMENT; Schema: geko; Owner: postgres
--

COMMENT ON COLUMN geko.td_sensor.pressure IS '気圧:単位：hPa';


--
-- TOC entry 180 (class 1259 OID 16422)
-- Name: tm_authority; Type: TABLE; Schema: geko; Owner: postgres; Tablespace: 
--

CREATE TABLE geko.tm_authority (
    user_id character varying(255) NOT NULL,
    cuser_id character varying(255) NOT NULL,
    last_modified timestamp(6) without time zone NOT NULL
);


ALTER TABLE geko.tm_authority OWNER TO postgres;

--
-- TOC entry 2087 (class 0 OID 0)
-- Dependencies: 180
-- Name: TABLE tm_authority; Type: COMMENT; Schema: geko; Owner: postgres
--

COMMENT ON TABLE geko.tm_authority IS '権限';


--
-- TOC entry 2088 (class 0 OID 0)
-- Dependencies: 180
-- Name: COLUMN tm_authority.user_id; Type: COMMENT; Schema: geko; Owner: postgres
--

COMMENT ON COLUMN geko.tm_authority.user_id IS 'ユーザID:保護者、教師のユーザID';


--
-- TOC entry 2089 (class 0 OID 0)
-- Dependencies: 180
-- Name: COLUMN tm_authority.cuser_id; Type: COMMENT; Schema: geko; Owner: postgres
--

COMMENT ON COLUMN geko.tm_authority.cuser_id IS '児童ユーザID:児童のユーザID';


--
-- TOC entry 2090 (class 0 OID 0)
-- Dependencies: 180
-- Name: COLUMN tm_authority.last_modified; Type: COMMENT; Schema: geko; Owner: postgres
--

COMMENT ON COLUMN geko.tm_authority.last_modified IS '最終更新日時';


--
-- TOC entry 181 (class 1259 OID 16428)
-- Name: tm_point; Type: TABLE; Schema: geko; Owner: postgres; Tablespace: 
--

CREATE TABLE geko.tm_point (
    id integer NOT NULL,
    type character(1) NOT NULL,
    lon numeric(9,6) NOT NULL,
    lat numeric(9,6) NOT NULL,
    marker_type character varying(10),
    marker_icon character varying(40),
    marker_comment text,
    note text,
    invalid boolean,
    user_id character varying(255) NOT NULL,
    last_modified timestamp(6) without time zone NOT NULL
);


ALTER TABLE geko.tm_point OWNER TO postgres;

--
-- TOC entry 2091 (class 0 OID 0)
-- Dependencies: 181
-- Name: TABLE tm_point; Type: COMMENT; Schema: geko; Owner: postgres
--

COMMENT ON TABLE geko.tm_point IS 'ポイント';


--
-- TOC entry 2092 (class 0 OID 0)
-- Dependencies: 181
-- Name: COLUMN tm_point.id; Type: COMMENT; Schema: geko; Owner: postgres
--

COMMENT ON COLUMN geko.tm_point.id IS 'ID:種別が1の場合、EXBeaconのデバイスID';


--
-- TOC entry 2093 (class 0 OID 0)
-- Dependencies: 181
-- Name: COLUMN tm_point.type; Type: COMMENT; Schema: geko; Owner: postgres
--

COMMENT ON COLUMN geko.tm_point.type IS '種別:0:EXBeacon(学校)、1:EXBeacon(交差点)、2:マーカー';


--
-- TOC entry 2094 (class 0 OID 0)
-- Dependencies: 181
-- Name: COLUMN tm_point.lon; Type: COMMENT; Schema: geko; Owner: postgres
--

COMMENT ON COLUMN geko.tm_point.lon IS '経度(東西方向位置)';


--
-- TOC entry 2095 (class 0 OID 0)
-- Dependencies: 181
-- Name: COLUMN tm_point.lat; Type: COMMENT; Schema: geko; Owner: postgres
--

COMMENT ON COLUMN geko.tm_point.lat IS '緯度(南北方向位置)';


--
-- TOC entry 2096 (class 0 OID 0)
-- Dependencies: 181
-- Name: COLUMN tm_point.marker_type; Type: COMMENT; Schema: geko; Owner: postgres
--

COMMENT ON COLUMN geko.tm_point.marker_type IS 'マーカー種類:red：危険、orange： 注意、blue：安全 ※マーカープラグインの仕様のため、マーカー色の文字列で保持';


--
-- TOC entry 2097 (class 0 OID 0)
-- Dependencies: 181
-- Name: COLUMN tm_point.marker_icon; Type: COMMENT; Schema: geko; Owner: postgres
--

COMMENT ON COLUMN geko.tm_point.marker_icon IS 'マーカーアイコン:マーカーに表示するfontawesomeのtype';


--
-- TOC entry 2098 (class 0 OID 0)
-- Dependencies: 181
-- Name: COLUMN tm_point.marker_comment; Type: COMMENT; Schema: geko; Owner: postgres
--

COMMENT ON COLUMN geko.tm_point.marker_comment IS 'マーカーコメント:マーカーに表示するコメント。改行は<br>に変換して保持';


--
-- TOC entry 2099 (class 0 OID 0)
-- Dependencies: 181
-- Name: COLUMN tm_point.note; Type: COMMENT; Schema: geko; Owner: postgres
--

COMMENT ON COLUMN geko.tm_point.note IS 'メモ';


--
-- TOC entry 2100 (class 0 OID 0)
-- Dependencies: 181
-- Name: COLUMN tm_point.invalid; Type: COMMENT; Schema: geko; Owner: postgres
--

COMMENT ON COLUMN geko.tm_point.invalid IS '無効フラグ:1=無効';


--
-- TOC entry 2101 (class 0 OID 0)
-- Dependencies: 181
-- Name: COLUMN tm_point.user_id; Type: COMMENT; Schema: geko; Owner: postgres
--

COMMENT ON COLUMN geko.tm_point.user_id IS '登録者';


--
-- TOC entry 2102 (class 0 OID 0)
-- Dependencies: 181
-- Name: COLUMN tm_point.last_modified; Type: COMMENT; Schema: geko; Owner: postgres
--

COMMENT ON COLUMN geko.tm_point.last_modified IS '最終更新日時';


--
-- TOC entry 179 (class 1259 OID 16417)
-- Name: tm_school_route; Type: TABLE; Schema: geko; Owner: postgres; Tablespace: 
--

CREATE TABLE geko.tm_school_route (
    cuser_id character varying(255) NOT NULL,
    route_no integer NOT NULL,
    beacon_id integer NOT NULL,
    last_modified timestamp(6) without time zone NOT NULL
);


ALTER TABLE geko.tm_school_route OWNER TO postgres;

--
-- TOC entry 2103 (class 0 OID 0)
-- Dependencies: 179
-- Name: TABLE tm_school_route; Type: COMMENT; Schema: geko; Owner: postgres
--

COMMENT ON TABLE geko.tm_school_route IS '通学路:';


--
-- TOC entry 2104 (class 0 OID 0)
-- Dependencies: 179
-- Name: COLUMN tm_school_route.cuser_id; Type: COMMENT; Schema: geko; Owner: postgres
--

COMMENT ON COLUMN geko.tm_school_route.cuser_id IS '児童ユーザID:児童のユーザID';


--
-- TOC entry 2105 (class 0 OID 0)
-- Dependencies: 179
-- Name: COLUMN tm_school_route.route_no; Type: COMMENT; Schema: geko; Owner: postgres
--

COMMENT ON COLUMN geko.tm_school_route.route_no IS '経路No.:学校から家までのEXBeaconの経路順';


--
-- TOC entry 2106 (class 0 OID 0)
-- Dependencies: 179
-- Name: COLUMN tm_school_route.beacon_id; Type: COMMENT; Schema: geko; Owner: postgres
--

COMMENT ON COLUMN geko.tm_school_route.beacon_id IS 'デバイスID';


--
-- TOC entry 2107 (class 0 OID 0)
-- Dependencies: 179
-- Name: COLUMN tm_school_route.last_modified; Type: COMMENT; Schema: geko; Owner: postgres
--

COMMENT ON COLUMN geko.tm_school_route.last_modified IS '最終更新日';


--
-- TOC entry 182 (class 1259 OID 16436)
-- Name: tm_user; Type: TABLE; Schema: geko; Owner: postgres; Tablespace: 
--

CREATE TABLE geko.tm_user (
    user_id character varying(255) NOT NULL,
    password character varying(100) NOT NULL,
    role character(1) NOT NULL,
    btx_id integer,
    sensor_id character varying(20),
    sensor2_id character varying(20),
    note character varying(100),
    invalid boolean,
    last_modified timestamp(6) without time zone NOT NULL
);


ALTER TABLE geko.tm_user OWNER TO postgres;

--
-- TOC entry 2108 (class 0 OID 0)
-- Dependencies: 182
-- Name: TABLE tm_user; Type: COMMENT; Schema: geko; Owner: postgres
--

COMMENT ON TABLE geko.tm_user IS 'ユーザ';


--
-- TOC entry 2109 (class 0 OID 0)
-- Dependencies: 182
-- Name: COLUMN tm_user.user_id; Type: COMMENT; Schema: geko; Owner: postgres
--

COMMENT ON COLUMN geko.tm_user.user_id IS 'ユーザID';


--
-- TOC entry 2110 (class 0 OID 0)
-- Dependencies: 182
-- Name: COLUMN tm_user.password; Type: COMMENT; Schema: geko; Owner: postgres
--

COMMENT ON COLUMN geko.tm_user.password IS 'パスワード';


--
-- TOC entry 2111 (class 0 OID 0)
-- Dependencies: 182
-- Name: COLUMN tm_user.role; Type: COMMENT; Schema: geko; Owner: postgres
--

COMMENT ON COLUMN geko.tm_user.role IS '役割:1=student,2=parent,3=teacher,4=school,5=admin';


--
-- TOC entry 2112 (class 0 OID 0)
-- Dependencies: 182
-- Name: COLUMN tm_user.btx_id; Type: COMMENT; Schema: geko; Owner: postgres
--

COMMENT ON COLUMN geko.tm_user.btx_id IS 'ビーコンタグID:BeaconTXのID';


--
-- TOC entry 2113 (class 0 OID 0)
-- Dependencies: 182
-- Name: COLUMN tm_user.sensor_id; Type: COMMENT; Schema: geko; Owner: postgres
--

COMMENT ON COLUMN geko.tm_user.sensor_id IS 'センサーID:センサーデバイスのシリアルNo.';


--
-- TOC entry 2114 (class 0 OID 0)
-- Dependencies: 182
-- Name: COLUMN tm_user.sensor2_id; Type: COMMENT; Schema: geko; Owner: postgres
--

COMMENT ON COLUMN geko.tm_user.sensor2_id IS 'センサー2ID';


--
-- TOC entry 2115 (class 0 OID 0)
-- Dependencies: 182
-- Name: COLUMN tm_user.note; Type: COMMENT; Schema: geko; Owner: postgres
--

COMMENT ON COLUMN geko.tm_user.note IS 'メモ';


--
-- TOC entry 2116 (class 0 OID 0)
-- Dependencies: 182
-- Name: COLUMN tm_user.invalid; Type: COMMENT; Schema: geko; Owner: postgres
--

COMMENT ON COLUMN geko.tm_user.invalid IS '無効フラグ:1=無効';


--
-- TOC entry 2117 (class 0 OID 0)
-- Dependencies: 182
-- Name: COLUMN tm_user.last_modified; Type: COMMENT; Schema: geko; Owner: postgres
--

COMMENT ON COLUMN geko.tm_user.last_modified IS '最終更新日時';


--
-- TOC entry 2037 (class 0 OID 16402)
-- Dependencies: 176
-- Data for Name: persistent_logins; Type: TABLE DATA; Schema: geko; Owner: postgres
--

COPY geko.persistent_logins (username, series, token, last_used) FROM stdin;
\.


--
-- TOC entry 2039 (class 0 OID 16412)
-- Dependencies: 178
-- Data for Name: td_location; Type: TABLE DATA; Schema: geko; Owner: postgres
--

COPY geko.td_location (btx_id, recv_timestamp, major, minor, pos_id, beacon_id) FROM stdin;
1	1537767030000	999	1	2	40962
1	1537767031000	999	1	100	41060
1	1537767032000	999	1	1	40961
1	1537767033000	999	1	31	40991
1	1537767034000	999	1	30	40990
1	1537767035000	999	1	31	40991
1	1537767036000	999	1	1	40961
1	1537767037000	999	1	100	41060
1	1537767038000	999	1	3	40963
1	1537767039000	999	1	32	40992
1	1537767040000	999	1	63	41023
1	1537767041000	999	1	64	41024
1	1537767042000	999	1	65	41025
1	1537767043000	999	1	66	41026
1	1537767044000	999	1	61	41021
1	1537767045000	999	1	60	41020
1	1537767046000	999	1	59	41019
1	1537767047000	999	1	58	41018
1	1537767048000	999	1	57	41017
1	1537767049000	999	1	28	40988
1	1537767050000	999	1	106	41066
1	1537767051000	999	1	27	40987
1	1537767052000	999	1	105	41065
1	1537767053000	999	1	26	40986
1	1537767054000	999	1	104	41064
1	1537767055000	999	1	25	40985
1	1537767056000	999	1	24	40984
1	1537767057000	999	1	23	40983
1	1537767058000	999	1	55	41015
1	1537767059000	999	1	56	41016
1	1537767060000	999	1	27	40987
1	1537767061000	999	1	106	41066
1	1537767062000	999	1	28	40988
1	1537767063000	999	1	57	41017
1	1537767064000	999	1	56	41016
1	1537767065000	999	1	55	41015
1	1537767066000	999	1	58	41018
1	1537767067000	999	1	59	41019
1	1537767068000	999	1	54	41014
1	1537767069000	999	1	55	41015
1	1537767070000	999	1	23	40983
1	1537767071000	999	1	22	40982
1	1537767072000	999	1	54	41014
1	1537767073000	999	1	53	41013
1	1537767074000	999	1	68	41028
1	1537767075000	999	1	59	41019
1	1537767076000	999	1	60	41020
1	1537767077000	999	1	67	41027
1	1537767078000	999	1	66	41026
1	1537767079000	999	1	71	41031
1	1537767080000	999	1	72	41032
1	1537767081000	999	1	64	41024
1	1537767082000	999	1	33	40993
1	1537767083000	999	1	32	40992
1	1537767084000	999	1	3	40963
1	1537767085000	999	1	101	41061
1	1537767086000	999	1	102	41062
1	1537767087000	999	1	4	40964
1	1537767088000	999	1	35	40995
1	1537767089000	999	1	34	40994
1	1537767090000	999	1	33	40993
1	1537767091000	999	1	64	41024
1	1537767092000	999	1	72	41032
1	1537767093000	999	1	73	41033
1	1537767094000	999	1	34	40994
1	1537767095000	999	1	80	41040
1	1537767096000	999	1	79	41039
1	1537767097000	999	1	74	41034
1	1537767098000	999	1	103	41063
1	1537767099000	999	1	78	41038
1	1537767100000	999	1	77	41037
1	1537767101000	999	1	76	41036
1	1537767102000	999	1	75	41035
1	1537767103000	999	1	70	41030
1	1537767104000	999	1	69	41029
1	1537767105000	999	1	76	41036
1	1537767106000	999	1	51	41011
1	1537767107000	999	1	20	40980
1	1537767108000	999	1	21	40981
1	1537767109000	999	1	22	40982
1	1537767110000	999	1	54	41014
1	1537767111000	999	1	53	41013
1	1537767112000	999	1	21	40981
1	1537767113000	999	1	53	41013
1	1537767114000	999	1	52	41012
1	1537767115000	999	1	69	41029
1	1537767116000	999	1	68	41028
1	1537767117000	999	1	67	41027
1	1537767118000	999	1	66	41026
1	1537767119000	999	1	71	41031
1	1537767120000	999	1	70	41030
1	1537767121000	999	1	75	41035
1	1537767122000	999	1	103	41063
1	1537767123000	999	1	78	41038
1	1537767124000	999	1	79	41039
1	1537767125000	999	1	82	41042
1	1537767126000	999	1	81	41041
1	1537767127000	999	1	80	41040
1	1537767128000	999	1	34	40994
1	1537767129000	999	1	73	41033
1	1537767130000	999	1	74	41034
1	1537767131000	999	1	71	41031
1	1537767132000	999	1	72	41032
1	1537767133000	999	1	73	41033
1	1537767134000	999	1	34	40994
1	1537767135000	999	1	35	40995
1	1537767136000	999	1	4	40964
1	1537767137000	999	1	5	40965
1	1537767138000	999	1	36	40996
1	1537767139000	999	1	35	40995
1	1537767140000	999	1	36	40996
1	1537767141000	999	1	81	41041
1	1537767142000	999	1	82	41042
1	1537767143000	999	1	48	41008
1	1537767144000	999	1	77	41037
1	1537767145000	999	1	50	41010
1	1537767146000	999	1	51	41011
1	1537767147000	999	1	52	41012
1	1537767148000	999	1	51	41011
1	1537767149000	999	1	20	40980
1	1537767150000	999	1	19	40979
1	1537767151000	999	1	49	41009
1	1537767152000	999	1	50	41010
1	1537767153000	999	1	49	41009
1	1537767154000	999	1	48	41008
1	1537767155000	999	1	47	41007
1	1537767156000	999	1	18	40978
1	1537767157000	999	1	17	40977
1	1537767158000	999	1	46	41006
1	1537767159000	999	1	45	41005
1	1537767160000	999	1	16	40976
1	1537767161000	999	1	15	40975
1	1537767162000	999	1	44	41004
1	1537767163000	999	1	43	41003
1	1537767164000	999	1	14	40974
1	1537767165000	999	1	13	40973
1	1537767166000	999	1	12	40972
1	1537767167000	999	1	43	41003
1	1537767168000	999	1	14	40974
1	1537767169000	999	1	15	40975
1	1537767170000	999	1	44	41004
1	1537767171000	999	1	45	41005
1	1537767172000	999	1	16	40976
1	1537767173000	999	1	17	40977
1	1537767174000	999	1	46	41006
1	1537767175000	999	1	47	41007
1	1537767176000	999	1	18	40978
1	1537767177000	999	1	19	40979
1	1537767178000	999	1	49	41009
1	1537767179000	999	1	48	41008
1	1537767180000	999	1	47	41007
1	1537767181000	999	1	83	41043
1	1537767182000	999	1	37	40997
1	1537767183000	999	1	36	40996
1	1537767184000	999	1	5	40965
1	1537767185000	999	1	6	40966
1	1537767186000	999	1	38	40998
1	1537767187000	999	1	37	40997
1	1537767188000	999	1	38	40998
1	1537767189000	999	1	84	41044
1	1537767190000	999	1	46	41006
1	1537767191000	999	1	45	41005
1	1537767192000	999	1	86	41046
1	1537767193000	999	1	87	41047
1	1537767194000	999	1	86	41046
1	1537767195000	999	1	85	41045
1	1537767196000	999	1	90	41050
1	1537767197000	999	1	39	40999
1	1537767198000	999	1	38	40998
1	1537767199000	999	1	6	40966
1	1537767200000	999	1	7	40967
1	1537767201000	999	1	40	41000
1	1537767202000	999	1	39	40999
1	1537767203000	999	1	90	41050
1	1537767204000	999	1	89	41049
1	1537767205000	999	1	40	41000
1	1537767206000	999	1	89	41049
1	1537767207000	999	1	88	41048
1	1537767208000	999	1	87	41047
1	1537767209000	999	1	44	41004
1	1537767210000	999	1	43	41003
1	1537767211000	999	1	42	41002
1	1537767212000	999	1	41	41001
1	1537767213000	999	1	8	40968
1	1537767214000	999	1	7	40967
1	1537767215000	999	1	8	40968
1	1537767216000	999	1	9	40969
1	1537767217000	999	1	10	40970
1	1537767218000	999	1	11	40971
1	1537767219000	999	1	12	40972
1	1537767220000	999	1	43	41003
1	1537767221000	999	1	42	41002
1	1537767222000	999	1	41	41001
1	1537767223000	999	1	10	40970
1	1537767224000	999	1	11	40971
1	1537767225000	999	1	42	41002
1	1537767226000	999	1	88	41048
1	1537767227000	999	1	85	41045
1	1537767228000	999	1	84	41044
1	1537767229000	999	1	83	41043
1	1537767230000	999	1	82	41042
1	1543987827000	999	1	62	41022
1	1543987828000	999	1	62	41022
1	1543987829000	999	1	62	41022
1	1543987830000	999	1	62	41022
1	1543987831000	999	1	61	41021
1	1543987832000	999	1	62	41022
1	1543987833000	999	1	61	41021
1	1543987834000	999	1	61	41021
1	1543987835000	999	1	62	41022
1	1543987836000	999	1	61	41021
1	1543987837000	999	1	60	41020
1	1543987838000	999	1	61	41021
1	1543987839000	999	1	60	41020
1	1543987840000	999	1	61	41021
1	1543987841000	999	1	62	41022
1	1543987842000	999	1	61	41021
1	1543987843000	999	1	66	41026
1	1543987844000	999	1	67	41027
1	1543987845000	999	1	66	41026
1	1543987846000	999	1	67	41027
1	1543987847000	999	1	66	41026
1	1543987848000	999	1	67	41027
1	1543987849000	999	1	67	41027
1	1543987850000	999	1	67	41027
1	1545888630000	888	1	1	40962
1	1545888631000	888	1	2	40992
1	1545888632000	888	1	3	41023
2	1545888630000	888	1	1	40962
2	1545888631000	888	1	2	40992
2	1545888632000	888	1	3	40993
2	1545888633000	888	1	4	40994
2	1545888634000	888	1	5	41040
3	1545888630000	888	1	1	40962
3	1545888631000	888	1	2	40992
3	1545888632000	888	1	3	40993
3	1545888633000	888	1	4	40994
3	1545888634000	888	1	5	41033
3	1545888635000	888	1	6	41034
3	1545888636000	888	1	7	41039
3	1545888637000	888	1	8	41042
3	1545888638000	888	1	9	41043
3	1545888639000	888	1	10	41007
4	1545888630000	888	1	1	40962
4	1545888631000	888	1	2	40992
4	1545888632000	888	1	3	40993
4	1545888633000	888	1	4	40994
4	1545888634000	888	1	5	41033
4	1545888635000	888	1	6	41034
4	1545888636000	888	1	7	41039
4	1545888637000	888	1	8	41042
4	1545888638000	888	1	9	41043
4	1545888639000	888	1	10	41044
4	1545888640000	888	1	11	41006
4	1545888641000	888	1	12	41005
5	1545888630000	888	1	1	40962
5	1545888631000	888	1	2	40992
5	1545888632000	888	1	3	40993
5	1545888633000	888	1	4	40994
5	1545888634000	888	1	5	41033
5	1545888635000	888	1	6	41034
5	1545888636000	888	1	7	41039
5	1545888637000	888	1	8	41042
5	1545888638000	888	1	9	41043
5	1545888639000	888	1	10	41044
5	1545888640000	888	1	11	41045
5	1545888641000	888	1	12	41046
6	1545888630000	888	1	1	40962
6	1545888631000	888	1	2	40992
6	1545888632000	888	1	3	40993
6	1545888633000	888	1	4	40994
6	1545888634000	888	1	5	41033
6	1545888635000	888	1	6	41034
6	1545888636000	888	1	7	41039
6	1545888637000	888	1	8	41042
6	1545888638000	888	1	9	41043
6	1545888639000	888	1	10	41044
6	1545888640000	888	1	11	41045
6	1545888641000	888	1	12	41048
6	1545888642000	888	1	13	41047
6	1545888643000	888	1	14	41004
7	1545888630000	888	1	1	41022
7	1545888631000	888	1	2	41021
7	1545888632000	888	1	3	41020
7	1545888633000	888	1	4	41019
7	1545888634000	888	1	5	41014
7	1545888635000	888	1	1	41022
7	1545888636000	888	1	2	41021
7	1545888637000	888	1	3	41026
7	1545888638000	888	1	4	41031
7	1545888639000	888	1	5	41030
7	1545888640000	888	1	6	41029
7	1545888641000	888	1	7	41012
8	1545888630000	888	1	1	40989
8	1545888631000	888	1	2	40988
8	1545888632000	888	1	3	41017
9	1545888633000	888	1	1	40989
9	1545888634000	888	1	2	40988
9	1545888635000	888	1	3	40987
9	1545888636000	888	1	4	41016
10	1545888630000	888	1	1	40962
10	1545888631000	888	1	2	40963
10	1545888632000	888	1	3	41061
10	1545888633000	888	1	4	41062
10	1545888634000	888	1	5	40964
10	1545888635000	888	1	6	40965
10	1545888636000	888	1	7	40966
10	1545888637000	888	1	8	40967
10	1545888638000	888	1	9	40968
10	1545888639000	888	1	10	41001
10	1545888640000	888	1	11	40970
1	1544999882257	1	18	44	41004
1	1544999882466	1	18	44	41004
1	1544999884777	1	18	44	41004
1	1544999886642	1	18	44	41004
1	1544999887260	1	18	44	41004
1	1544999889338	1	18	44	41004
1	1544999894422	1	18	44	41004
1	1544999898162	1	18	44	41004
1	1544999901140	1	18	44	41004
1	1544999913058	1	18	45	41005
1	1544999915282	1	18	44	41004
1	1544999916318	1	18	45	41005
1	1544999924478	1	18	45	41005
1	1544999925244	1	18	45	41005
1	1544999928678	1	18	45	41005
1	1544999931122	1	18	45	41005
1	1544999933218	1	18	45	41005
1	1544999937160	1	18	45	41005
1	1544999940100	1	18	45	41005
1	1544999944381	1	18	45	41005
1	1544999962058	1	18	45	41005
1	1544999967122	1	18	45	41005
1	1544999971142	1	18	45	41005
1	1544999976291	1	18	45	41005
1	1544999981279	1	18	45	41005
1	1544999983138	1	18	45	41005
1	1544999987098	1	18	45	41005
1	1544999989222	1	18	45	41005
1	1544999991362	1	18	45	41005
1	1544999995218	1	18	45	41005
1	1544999999107	1	18	45	41005
1	1545000002201	1	18	45	41005
1	1545000006149	1	18	45	41005
1	1545000007298	1	18	45	41005
1	1545000010701	1	18	45	41005
1	1545000016058	1	18	45	41005
1	1545000019159	1	18	45	41005
1	1545000021138	1	18	45	41005
1	1545000025708	1	18	45	41005
1	1545000044122	1	18	45	41005
1	1545000045380	1	18	45	41005
1	1545000050098	1	18	45	41005
1	1545000051138	1	18	45	41005
1	1545000054085	1	18	45	41005
1	1545000060278	1	18	45	41005
1	1545000066264	1	18	45	41005
1	1545000089160	1	18	45	41005
1	1545000098178	1	18	45	41005
1	1545000151157	1	18	45	41005
1	1545000158118	1	18	45	41005
1	1545000166177	1	18	45	41005
1	1545000171322	1	18	45	41005
1	1545000185182	1	18	45	41005
1	1545000188202	1	18	45	41005
1	1545000196358	1	18	45	41005
1	1545000202223	1	18	45	41005
1	1545000204338	1	18	45	41005
1	1545000211478	1	18	45	41005
1	1545000215139	1	18	45	41005
1	1545000220057	1	18	45	41005
1	1545000223162	1	18	45	41005
1	1545000224176	1	18	45	41005
1	1545000264341	1	18	45	41005
1	1545000284117	1	18	45	41005
1	1545000286097	1	18	45	41005
1	1545000288158	1	18	45	41005
1	1545000293197	1	18	45	41005
1	1545000311256	1	18	45	41005
1	1545000312242	1	18	45	41005
1	1545000314076	1	18	45	41005
1	1545000355577	1	18	45	41005
1	1545000360410	1	18	45	41005
1	1545000363416	1	18	45	41005
1	1545000368095	1	18	45	41005
1	1545000372142	1	18	45	41005
1	1545000377397	1	18	45	41005
1	1545000381517	1	18	45	41005
1	1545000389121	1	18	45	41005
1	1545000408542	1	18	45	41005
1	1545000412259	1	18	45	41005
1	1545000417084	1	18	45	41005
1	1545000419201	1	18	45	41005
1	1545000422597	1	18	45	41005
1	1545000432363	1	18	45	41005
1	1545000433141	1	18	45	41005
1	1545000437682	1	18	45	41005
1	1545000449336	1	18	45	41005
1	1545000451091	1	18	45	41005
1	1545000460417	1	18	45	41005
1	1545000482139	1	18	45	41005
1	1545000486839	1	18	45	41005
1	1545000491216	1	18	45	41005
1	1545000492185	1	18	45	41005
1	1545000496241	1	18	45	41005
1	1545000500462	1	18	45	41005
1	1545000523096	1	18	45	41005
1	1545000525522	1	18	45	41005
1	1545000544245	1	18	45	41005
1	1545000544859	1	18	45	41005
1	1545000553156	1	18	45	41005
1	1545000555204	1	18	45	41005
1	1545000557397	1	18	45	41005
1	1545000561203	1	18	45	41005
1	1545000562396	1	18	45	41005
1	1545000566241	1	18	45	41005
1	1545000569216	1	18	45	41005
1	1545000573112	1	18	45	41005
1	1545000581183	1	18	45	41005
1	1545000584097	1	18	45	41005
1	1545000596156	1	18	45	41005
1	1545000605223	1	18	45	41005
1	1545000610136	1	18	45	41005
1	1545000614242	1	18	45	41005
1	1545000623163	1	18	45	41005
1	1545000623359	1	18	45	41005
1	1545000627173	1	18	45	41005
1	1545000637123	1	18	45	41005
1	1545000639099	1	18	45	41005
1	1545000641037	1	18	45	41005
1	1545000644096	1	18	45	41005
1	1545000646237	1	18	45	41005
1	1545000697161	1	18	45	41005
1	1545000725520	1	18	46	41006
1	1545000802198	1	18	84	41044
1	1545000803222	1	18	84	41044
1	1545000805362	1	18	84	41044
1	1545000806102	1	18	84	41044
1	1545000809422	1	18	84	41044
1	1545000812115	1	18	84	41044
1	1545000815262	1	18	84	41044
1	1545000819183	1	18	84	41044
1	1545000826222	1	18	84	41044
1	1545000830165	1	18	84	41044
1	1545000852142	1	18	83	41043
1	1545000852374	1	18	83	41043
1	1545000857132	1	18	83	41043
1	1545000862178	1	18	83	41043
1	1545000863178	1	18	83	41043
1	1545000865262	1	18	83	41043
1	1545000866878	1	18	83	41043
1	1545000867101	1	18	83	41043
1	1545000869202	1	18	83	41043
1	1545000870339	1	18	83	41043
1	1545000871162	1	18	83	41043
1	1545000874270	1	18	83	41043
1	1545000876122	1	18	83	41043
1	1545000878458	1	18	83	41043
1	1545000880322	1	18	83	41043
1	1545000881161	1	18	83	41043
1	1545000881517	1	18	83	41043
1	1545000885317	1	18	83	41043
1	1545000886121	1	18	83	41043
1	1545000887373	1	18	83	41043
1	1545000894302	1	18	82	41042
1	1545000897101	1	18	82	41042
1	1545000905887	1	18	83	41043
1	1545000910398	1	18	82	41042
1	1545000912221	1	18	82	41042
1	1545000942262	1	18	79	41039
1	1545000944122	1	18	79	41039
1	1545000945142	1	18	79	41039
1	1545000947262	1	18	79	41039
1	1545000949142	1	18	79	41039
1	1545000950798	1	18	79	41039
1	1545000951510	1	18	79	41039
1	1545000954142	1	18	79	41039
1	1545000955242	1	18	79	41039
1	1545000955978	1	18	79	41039
1	1545000959322	1	18	79	41039
1	1545000960181	1	18	79	41039
1	1545000962162	1	18	79	41039
1	1545001000442	1	18	74	41034
1	1545001001321	1	18	74	41034
1	1545001002617	1	18	74	41034
1	1545001005142	1	18	74	41034
1	1545001006178	1	18	74	41034
1	1545001006562	1	18	74	41034
1	1545001066422	1	18	73	41033
1	1545001067633	1	18	73	41033
1	1545001083178	1	18	34	40994
1	1545001090201	1	18	34	40994
1	1545001091302	1	18	34	40994
1	1545001092361	1	18	34	40994
1	1545001094208	1	18	34	40994
1	1545001099052	1	18	34	40994
1	1545001101132	1	18	34	40994
1	1545001102280	1	18	34	40994
1	1545001154193	1	18	33	40993
1	1545001155233	1	18	33	40993
1	1545001157213	1	18	33	40993
1	1545001159472	1	18	33	40993
1	1545001161138	1	18	33	40993
1	1545001161797	1	18	33	40993
1	1545001162212	1	18	33	40993
1	1545001164141	1	18	33	40993
1	1545001165977	1	18	33	40993
1	1545001167138	1	18	33	40993
1	1545001171370	1	18	33	40993
1	1545001174312	1	18	33	40993
1	1545001175261	1	18	33	40993
1	1545001178221	1	18	33	40993
1	1545001224393	1	18	32	40992
1	1545001227113	1	18	32	40992
1	1545001229152	1	18	32	40992
1	1545001231112	1	18	32	40992
1	1545001232620	1	18	32	40992
1	1545001233092	1	18	32	40992
1	1545001235292	1	18	32	40992
1	1545001239092	1	18	32	40992
1	1545001242241	1	18	32	40992
1	1545001243152	1	18	32	40992
1	1545001246092	1	18	32	40992
1	1545001260132	1	18	96	41056
1	1545001320156	1	18	2	40962
1	1545001321282	1	18	2	40962
1	1545001324422	1	18	2	40962
1	1545001331272	1	18	2	40962
1	1545001333266	1	18	2	40962
1	1545001334321	1	18	2	40962
1	1545001338201	1	18	2	40962
1	1545001342192	1	18	2	40962
1	1545001350072	1	18	2	40962
2	1541394014746	1	28	31	40991
2	1541394034140	1	28	31	40991
2	1541394037137	1	28	31	40991
2	1541394063755	1	28	31	40991
2	1541394074975	1	28	31	40991
2	1541394091580	1	28	31	40991
2	1541394100505	1	28	31	40991
2	1541394106054	1	28	31	40991
2	1541394109160	1	28	31	40991
2	1541394117173	1	28	31	40991
2	1541394119901	1	28	31	40991
2	1541394167216	1	28	30	40990
2	1541394170960	1	28	30	40990
2	1541394176023	1	28	30	40990
2	1541394177089	1	28	30	40990
2	1541394182024	1	28	30	40990
2	1541394237264	1	28	29	40989
2	1541394238846	1	28	29	40989
2	1541394239939	1	28	29	40989
2	1541394240919	1	28	29	40989
2	1541394242979	1	28	29	40989
2	1541394245700	1	28	29	40989
2	1541394247941	1	28	29	40989
2	1541394251119	1	28	29	40989
2	1541394252836	1	28	29	40989
2	1541394257260	1	28	29	40989
2	1541394341469	1	28	62	41022
2	1541394349916	1	28	62	41022
2	1541394354417	1	28	62	41022
2	1541394356836	1	28	62	41022
2	1541394358012	1	28	62	41022
2	1541394360176	1	28	62	41022
2	1541394361065	1	28	62	41022
2	1541394364002	1	28	62	41022
2	1541394365162	1	28	62	41022
2	1541394367304	1	28	62	41022
2	1541394371161	1	28	62	41022
2	1541394372242	1	28	62	41022
2	1541394372996	1	28	62	41022
2	1541394374382	1	28	62	41022
2	1541394374876	1	28	62	41022
2	1541394377061	1	28	62	41022
2	1541394379021	1	28	62	41022
2	1541394379976	1	28	62	41022
2	1541394381817	1	28	62	41022
2	1541394385096	1	28	62	41022
2	1541394386236	1	28	62	41022
2	1541394388156	1	28	62	41022
2	1541394390041	1	28	62	41022
2	1541394392597	1	28	62	41022
2	1541394393196	1	28	62	41022
2	1541394394116	1	28	62	41022
2	1541394394335	1	28	62	41022
2	1541394396437	1	28	62	41022
2	1541394397182	1	28	62	41022
2	1541394399124	1	28	62	41022
2	1541394400352	1	28	62	41022
2	1541394401296	1	28	62	41022
2	1541394404176	1	28	62	41022
2	1541394404241	1	28	62	41022
2	1541394406136	1	28	62	41022
2	1541394408457	1	28	62	41022
2	1541394410169	1	28	62	41022
2	1541394411423	1	28	62	41022
2	1541394412196	1	28	62	41022
2	1541394414196	1	28	62	41022
2	1541394417564	1	28	62	41022
2	1541394419089	1	28	62	41022
2	1541394420284	1	28	62	41022
2	1541394434284	1	28	62	41022
2	1541394436256	1	28	62	41022
2	1541394443109	1	28	61	41021
2	1541394444286	1	28	61	41021
2	1541394445196	1	28	61	41021
2	1541394446504	1	28	61	41021
2	1541394447264	1	28	61	41021
2	1541394449070	1	28	61	41021
2	1541394450176	1	28	61	41021
2	1541394453266	1	28	61	41021
2	1541394455462	1	28	61	41021
2	1541394500062	1	28	66	41026
2	1541394502223	1	28	66	41026
2	1541394503144	1	28	66	41026
2	1541394507116	1	28	66	41026
2	1541394508041	1	28	66	41026
2	1541394510482	1	28	66	41026
2	1541394526164	1	28	71	41031
2	1541394528748	1	28	71	41031
2	1541394530221	1	28	71	41031
2	1541394533136	1	28	71	41031
2	1541394537186	1	28	71	41031
2	1541394538401	1	28	71	41031
2	1541394542343	1	28	71	41031
2	1541394544116	1	28	71	41031
2	1541394547237	1	28	71	41031
2	1541394549290	1	28	71	41031
2	1541394551542	1	28	71	41031
2	1541394553202	1	28	71	41031
2	1541394555290	1	28	71	41031
2	1541394557355	1	28	71	41031
2	1541394558095	1	28	71	41031
2	1541394602480	1	28	75	41035
2	1541394617000	1	28	69	41029
2	1541394617979	1	28	69	41029
2	1541394619021	1	28	69	41029
2	1541394620621	1	28	69	41029
2	1541394624226	1	28	69	41029
2	1541394624980	1	28	69	41029
2	1541394627560	1	28	69	41029
2	1541394631101	1	28	69	41029
2	1541394633235	1	28	69	41029
2	1541394634249	1	28	69	41029
2	1541394635536	1	28	69	41029
2	1541394639335	1	28	69	41029
2	1541394640200	1	28	69	41029
2	1541394641361	1	28	69	41029
2	1541394642580	1	28	69	41029
2	1541394644140	1	28	69	41029
2	1541394644981	1	28	69	41029
2	1541394646701	1	28	69	41029
2	1541394648144	1	28	69	41029
2	1541394649205	1	28	69	41029
2	1541394651280	1	28	69	41029
2	1541394654533	1	28	69	41029
2	1541394657105	1	28	69	41029
2	1541394658201	1	28	69	41029
2	1541394662455	1	28	69	41029
2	1541394664144	1	28	69	41029
2	1541394666185	1	28	69	41029
2	1541394666335	1	28	69	41029
2	1541394684089	1	28	76	41036
2	1541394687130	1	28	76	41036
2	1541394688121	1	28	76	41036
2	1541394690049	1	28	76	41036
2	1541394691262	1	28	76	41036
2	1541394692642	1	28	76	41036
2	1541394694141	1	28	76	41036
2	1541394696195	1	28	76	41036
2	1541394697175	1	28	76	41036
2	1541394700282	1	28	76	41036
2	1541394702151	1	28	76	41036
2	1541394703187	1	28	76	41036
2	1541394703399	1	28	75	41035
2	1541394705315	1	28	76	41036
2	1541394706155	1	28	76	41036
2	1541394708189	1	28	76	41036
2	1541394708496	1	28	76	41036
2	1541394743403	1	28	77	41037
2	1541394745395	1	28	77	41037
2	1541394772597	1	28	48	41008
2	1541394774555	1	28	48	41008
2	1541394775136	1	28	48	41008
2	1541394778050	1	28	48	41008
2	1541394780176	1	28	48	41008
2	1541394781476	1	28	48	41008
2	1541394783264	1	28	48	41008
2	1541394784116	1	28	48	41008
2	1541394785535	1	28	48	41008
2	1541394786335	1	28	48	41008
2	1541394788059	1	28	48	41008
2	1541394789202	1	28	48	41008
2	1541394789535	1	28	48	41008
2	1541394905295	1	28	78	41038
2	1541394912468	1	28	78	41038
2	1541394916620	1	28	78	41038
2	1541394918622	1	28	78	41038
2	1541394924128	1	28	78	41038
2	1541394929275	1	28	78	41038
2	1541394934080	1	28	78	41038
2	1541394938228	1	28	78	41038
2	1541394941145	1	28	78	41038
2	1541394946188	1	28	78	41038
2	1541394948183	1	28	78	41038
2	1541394954196	1	28	78	41038
2	1541394960168	1	28	78	41038
2	1541394969059	1	28	78	41038
2	1541394972095	1	28	78	41038
2	1541394976447	1	28	78	41038
2	1541394984375	1	28	78	41038
2	1541395012103	1	28	75	41035
2	1541395015147	1	28	75	41035
2	1541395015355	1	28	75	41035
2	1541395018082	1	28	75	41035
2	1541395019043	1	28	75	41035
2	1541395020100	1	28	75	41035
2	1541395022038	1	28	75	41035
2	1541395023403	1	28	75	41035
2	1541395024515	1	28	75	41035
2	1541395026146	1	28	75	41035
2	1541395027358	1	28	75	41035
2	1541395030208	1	28	75	41035
2	1541395031255	1	28	103	41063
2	1541395032295	1	28	103	41063
2	1541395035088	1	28	75	41035
2	1541395038158	1	28	75	41035
2	1541395039393	1	28	75	41035
2	1541395042116	1	28	75	41035
2	1541395043518	1	28	103	41063
2	1541395050170	1	28	103	41063
2	1541395051381	1	28	103	41063
2	1541395055501	1	28	103	41063
2	1541395058621	1	28	103	41063
2	1541395061357	1	28	103	41063
2	1541395062402	1	28	103	41063
2	1541395063201	1	28	103	41063
2	1541395065097	1	28	103	41063
2	1541395066081	1	28	103	41063
2	1541395071176	1	28	103	41063
2	1541395074223	1	28	103	41063
2	1541395079181	1	28	103	41063
2	1541395080462	1	28	103	41063
2	1541395082236	1	28	103	41063
2	1541395084376	1	28	103	41063
2	1541395086701	1	28	103	41063
2	1541395089296	1	28	103	41063
2	1541395090109	1	28	103	41063
2	1541395093181	1	28	103	41063
2	1541395095501	1	28	103	41063
2	1541395096621	1	28	103	41063
2	1541395101101	1	28	103	41063
2	1541395104536	1	28	103	41063
2	1541395106081	1	28	103	41063
2	1541395107467	1	28	103	41063
2	1541395108336	1	28	103	41063
2	1541395110514	1	28	103	41063
2	1541395112434	1	28	103	41063
2	1541395113130	1	28	103	41063
2	1541395114561	1	28	103	41063
2	1541395116174	1	28	103	41063
2	1541395118174	1	28	103	41063
2	1541395119414	1	28	103	41063
2	1541395122189	1	28	103	41063
2	1541395124274	1	28	103	41063
2	1541395126434	1	28	103	41063
2	1541395127628	1	28	103	41063
2	1541395128449	1	28	103	41063
2	1541395130382	1	28	103	41063
2	1541395131141	1	28	103	41063
2	1541395131503	1	28	103	41063
2	1541395133644	1	28	103	41063
2	1541395135155	1	28	103	41063
2	1541395139243	1	28	103	41063
2	1541395142069	1	28	103	41063
2	1541395151101	1	28	103	41063
2	1541395152622	1	28	75	41035
2	1541395155074	1	28	75	41035
2	1541395156402	1	28	75	41035
2	1541395158389	1	28	75	41035
2	1541395171347	1	28	74	41034
2	1541395173334	1	28	74	41034
2	1541395174667	1	28	74	41034
2	1541395175274	1	28	74	41034
2	1541395176222	1	28	74	41034
2	1541395178114	1	28	74	41034
2	1541395178142	1	28	74	41034
2	1541395180194	1	28	74	41034
2	1541395182130	1	28	74	41034
2	1541395184102	1	28	74	41034
2	1541395185174	1	28	74	41034
2	1541395238683	1	28	79	41039
2	1541395243162	1	28	78	41038
2	1541395246382	1	28	79	41039
2	1541395248314	1	28	79	41039
2	1541395249501	1	28	79	41039
2	1541395250427	1	28	79	41039
2	1541395252341	1	28	79	41039
2	1541395253322	1	28	79	41039
2	1541395254295	1	28	79	41039
2	1541395255170	1	28	79	41039
2	1541395258234	1	28	79	41039
2	1541395259243	1	28	79	41039
2	1541395379387	1	28	82	41042
2	1541395381443	1	28	82	41042
2	1541395384094	1	28	82	41042
2	1541395385314	1	28	82	41042
2	1541395386229	1	28	82	41042
2	1541395388306	1	28	82	41042
2	1541395390521	1	28	82	41042
2	1541395666141	1	28	49	41009
2	1541395668481	1	28	49	41009
2	1541395671022	1	28	49	41009
2	1541395674111	1	28	49	41009
2	1541395675420	1	28	49	41009
2	1541395676281	1	28	49	41009
2	1541395677138	1	28	49	41009
2	1541395679081	1	28	49	41009
2	1541395681142	1	28	49	41009
2	1541395752348	1	28	20	40980
2	1541395754320	1	28	20	40980
2	1541395756537	1	28	20	40980
2	1541395757140	1	28	20	40980
2	1541395783241	1	28	51	41011
2	1541395784344	1	28	51	41011
2	1541395878096	1	28	77	41037
2	1541395879548	1	28	77	41037
2	1541395883123	1	28	77	41037
2	1541395886059	1	28	77	41037
2	1541395887248	1	28	77	41037
2	1541395889199	1	28	77	41037
2	1541395893488	1	28	77	41037
2	1541395894551	1	28	77	41037
2	1541395895199	1	28	77	41037
2	1541395897091	1	28	77	41037
2	1541395927075	1	28	76	41036
2	1541395929088	1	28	76	41036
2	1541395981018	1	28	51	41011
2	1541395983132	1	28	51	41011
2	1541395987137	1	28	51	41011
2	1541395988068	1	28	51	41011
2	1541395988152	1	28	51	41011
2	1541395990083	1	28	51	41011
2	1541395990925	1	28	51	41011
2	1541395993128	1	28	51	41011
2	1541395993298	1	28	51	41011
2	1541395994297	1	28	51	41011
2	1541395996348	1	28	51	41011
2	1541396001088	1	28	51	41011
2	1541396004128	1	28	51	41011
2	1541396006037	1	28	51	41011
2	1541396007117	1	28	51	41011
2	1541396011148	1	28	51	41011
2	1541396012577	1	28	51	41011
2	1541396013477	1	28	51	41011
2	1541396015837	1	28	51	41011
2	1541396017517	1	28	51	41011
2	1541396018357	1	28	51	41011
2	1541396020080	1	28	51	41011
2	1541396023152	1	28	51	41011
2	1541396023998	1	28	51	41011
2	1541396024602	1	28	51	41011
2	1541396025228	1	28	51	41011
2	1541396027477	1	28	51	41011
2	1541396028180	1	28	51	41011
2	1541396032140	1	28	51	41011
2	1541396034098	1	28	51	41011
2	1541396034192	1	28	51	41011
2	1541396038132	1	28	51	41011
2	1541396040108	1	28	51	41011
2	1541396041218	1	28	51	41011
2	1541396041340	1	28	51	41011
2	1541396043177	1	28	51	41011
2	1541396045232	1	28	51	41011
2	1541396051058	1	28	51	41011
2	1541396052037	1	28	51	41011
2	1541396053118	1	28	51	41011
2	1541396056088	1	28	51	41011
2	1541396082017	1	28	52	41012
2	1541396085097	1	28	52	41012
2	1541396086197	1	28	52	41012
2	1541396088374	1	28	52	41012
2	1541396092097	1	28	52	41012
2	1541396097088	1	28	52	41012
2	1541396098140	1	28	52	41012
2	1541396098257	1	28	52	41012
2	1541396100098	1	28	52	41012
2	1541396101385	1	28	52	41012
2	1541396102997	1	28	52	41012
2	1541396129077	1	28	53	41013
2	1541396131137	1	28	53	41013
2	1541396133118	1	28	54	41014
2	1541396136057	1	28	54	41014
2	1541396138297	1	28	54	41014
2	1541396168128	1	28	68	41028
2	1541396172132	1	28	68	41028
2	1541396173108	1	28	68	41028
2	1541396176168	1	28	68	41028
2	1541396177088	1	28	68	41028
2	1541396181155	1	28	68	41028
2	1541396183112	1	28	68	41028
2	1541396184040	1	28	68	41028
2	1541396187087	1	28	68	41028
2	1541396188132	1	28	68	41028
2	1541396190348	1	28	68	41028
2	1541396192387	1	28	68	41028
2	1541396195268	1	28	68	41028
2	1541396196323	1	28	68	41028
2	1541396198169	1	28	68	41028
2	1541396198500	1	28	68	41028
2	1541396201132	1	28	68	41028
2	1541396203148	1	28	68	41028
2	1541396205141	1	28	68	41028
2	1541396207060	1	28	68	41028
2	1541396208107	1	28	68	41028
2	1541396210048	1	28	68	41028
2	1541396211201	1	28	68	41028
2	1541396212088	1	28	68	41028
2	1541396214020	1	28	68	41028
2	1541396218192	1	28	68	41028
2	1541396219210	1	28	68	41028
2	1541396221188	1	28	68	41028
2	1541396223113	1	28	68	41028
2	1541396224101	1	28	68	41028
2	1541396227159	1	28	68	41028
2	1541396228201	1	28	68	41028
2	1541396228449	1	28	68	41028
2	1541396229275	1	28	68	41028
2	1541396236119	1	28	67	41027
2	1541396238129	1	28	67	41027
2	1541396241131	1	28	68	41028
2	1541396244121	1	28	67	41027
2	1541396251197	1	28	67	41027
2	1541396252151	1	28	67	41027
2	1541396256108	1	28	67	41027
2	1541396260111	1	28	67	41027
2	1541396262171	1	28	67	41027
2	1541396265311	1	28	67	41027
2	1541396267167	1	28	67	41027
2	1541396268147	1	28	67	41027
2	1541396270194	1	28	67	41027
2	1541396270557	1	28	67	41027
2	1541396271091	1	28	67	41027
2	1541396273161	1	28	67	41027
2	1541396274361	1	28	67	41027
2	1541396276390	1	28	67	41027
2	1541396277263	1	28	67	41027
2	1541396281070	1	28	67	41027
2	1541396282221	1	28	67	41027
2	1541396283188	1	28	67	41027
2	1541396285211	1	28	67	41027
2	1541396289220	1	28	67	41027
2	1541396290320	1	28	67	41027
2	1541396293117	1	28	60	41020
2	1541396293681	1	28	67	41027
2	1541396296211	1	28	67	41027
2	1541396303308	1	28	67	41027
2	1541396307171	1	28	60	41020
2	1541396309227	1	28	60	41020
2	1541396310122	1	28	60	41020
2	1541396311227	1	28	60	41020
2	1541396312249	1	28	60	41020
2	1541396313267	1	28	60	41020
2	1541396316121	1	28	60	41020
2	1541396317151	1	28	60	41020
2	1541396319041	1	28	60	41020
2	1541396320189	1	28	60	41020
2	1541396322049	1	28	60	41020
2	1541396324131	1	28	60	41020
2	1541396325211	1	28	60	41020
2	1541396326225	1	28	60	41020
2	1541396328200	1	28	60	41020
2	1541396330040	1	28	60	41020
2	1541396332259	1	28	60	41020
2	1541396333080	1	28	60	41020
2	1541396335058	1	28	60	41020
2	1541396336120	1	28	60	41020
2	1541396337061	1	28	60	41020
2	1541396341121	1	28	60	41020
2	1541396342000	1	28	60	41020
2	1541396451241	1	28	62	41022
2	1541396468218	1	28	60	41020
2	1541396469478	1	28	60	41020
2	1541396471198	1	28	60	41020
2	1541396473101	1	28	60	41020
2	1541396474391	1	28	60	41020
2	1541396477171	1	28	60	41020
2	1541396478109	1	28	60	41020
2	1541396480278	1	28	60	41020
2	1541396482079	1	28	60	41020
2	1541396484121	1	28	60	41020
2	1541396485159	1	28	60	41020
2	1541396487131	1	28	60	41020
2	1541396488018	1	28	60	41020
2	1541396540178	1	28	59	41019
2	1541396541317	1	28	59	41019
2	1541396551218	1	28	59	41019
2	1541396553157	1	28	59	41019
2	1541396599163	1	28	54	41014
2	1541396600202	1	28	54	41014
2	1541396603220	1	28	54	41014
2	1541396605162	1	28	54	41014
2	1541396606042	1	28	54	41014
2	1541396607282	1	28	54	41014
2	1541396609102	1	28	54	41014
2	1541396612106	1	28	54	41014
2	1541396613291	1	28	54	41014
2	1541396614202	1	28	54	41014
2	1541396616222	1	28	54	41014
2	1541396619162	1	28	54	41014
2	1541396665083	1	28	22	40982
2	1541396668062	1	28	22	40982
2	1541396674267	1	28	23	40983
2	1541396676202	1	28	23	40983
2	1541396677243	1	28	23	40983
2	1541396678202	1	28	23	40983
2	1541396680262	1	28	23	40983
2	1541396682083	1	28	23	40983
2	1541396687062	1	28	23	40983
2	1541396688163	1	28	23	40983
2	1541396689182	1	28	23	40983
2	1541396690220	1	28	23	40983
2	1541396692282	1	28	23	40983
2	1541396695104	1	28	23	40983
2	1541396696241	1	28	23	40983
2	1541396698163	1	28	23	40983
2	1541396700282	1	28	23	40983
2	1541396701215	1	28	23	40983
2	1541396704063	1	28	23	40983
2	1541396706282	1	28	23	40983
2	1541396708142	1	28	23	40983
2	1541396709123	1	28	23	40983
2	1541396711102	1	28	23	40983
2	1541396714124	1	28	23	40983
2	1541396716082	1	28	23	40983
2	1541396722443	1	28	23	40983
2	1541396726262	1	28	23	40983
2	1541396727305	1	28	23	40983
2	1541396816060	1	28	58	41018
2	1541396820241	1	28	58	41018
2	1541396822061	1	28	58	41018
2	1541396823061	1	28	58	41018
2	1541396824578	1	28	58	41018
2	1541396825220	1	28	58	41018
2	1541396827380	1	28	58	41018
2	1541396829254	1	28	58	41018
2	1541396831121	1	28	58	41018
2	1541396833240	1	28	58	41018
2	1541396855185	1	28	57	41017
2	1541396858901	1	28	57	41017
2	1541396860362	1	28	57	41017
2	1541396861201	1	28	57	41017
2	1541396862522	1	28	57	41017
2	1541396865061	1	28	57	41017
2	1541396865126	1	28	57	41017
2	1541396868726	1	28	57	41017
2	1541396871081	1	28	57	41017
2	1541396873201	1	28	57	41017
2	1541396875141	1	28	57	41017
2	1541396876241	1	28	57	41017
2	1541397021647	1	28	23	40983
2	1541397024146	1	28	23	40983
2	1541397025067	1	28	24	40984
2	1541397027246	1	28	23	40983
2	1541397029167	1	28	23	40983
2	1541397123106	1	28	26	40986
2	1541397127125	1	28	26	40986
2	1541397130566	1	28	26	40986
2	1541397131126	1	28	26	40986
2	1541397132286	1	28	26	40986
2	1541397134266	1	28	26	40986
2	1541397135127	1	28	26	40986
2	1541397136047	1	28	26	40986
2	1541397140566	1	28	26	40986
2	1541397143087	1	28	26	40986
2	1541397145487	1	28	26	40986
2	1541397148528	1	28	26	40986
2	1541397151086	1	28	26	40986
2	1541397154606	1	28	26	40986
2	1541397158060	1	28	26	40986
2	1541397161518	1	28	26	40986
2	1541397166119	1	28	26	40986
2	1541397168699	1	28	27	40987
2	1541397169330	1	28	27	40987
2	1541397172119	1	28	27	40987
2	1541397177039	1	28	27	40987
2	1541397179039	1	28	27	40987
2	1541397181199	1	28	27	40987
2	1541397184198	1	28	27	40987
2	1541397186451	1	28	27	40987
2	1541397191039	1	28	27	40987
2	1541397192258	1	28	27	40987
2	1541397195240	1	28	27	40987
2	1541397200538	1	28	27	40987
2	1541397203498	1	28	27	40987
2	1541397206359	1	28	27	40987
2	1541397207599	1	28	27	40987
2	1541397209078	1	28	27	40987
2	1541397213459	1	28	27	40987
2	1541397214458	1	28	27	40987
2	1541397220158	1	28	28	40988
2	1541397223176	1	28	28	40988
2	1541397225621	1	28	28	40988
2	1541397226561	1	28	28	40988
2	1541397229249	1	28	28	40988
2	1541397231158	1	28	28	40988
2	1541397233038	1	28	28	40988
2	1541397237359	1	28	28	40988
2	1541397239598	1	28	28	40988
2	1541397240434	1	28	28	40988
2	1541397243178	1	28	28	40988
2	1541397244193	1	28	28	40988
2	1541397246078	1	28	28	40988
2	1541397251019	1	28	28	40988
2	1541397253401	1	28	28	40988
2	1541397254781	1	28	28	40988
2	1541397257558	1	28	28	40988
2	1541397259198	1	28	28	40988
2	1541397262804	1	28	28	40988
2	1541397264539	1	28	28	40988
2	1541397266579	1	28	28	40988
2	1541397270450	1	28	28	40988
2	1541397283281	1	28	28	40988
2	1541397285181	1	28	28	40988
2	1541397295181	1	28	28	40988
2	1541397298481	1	28	28	40988
2	1541397300082	1	28	28	40988
2	1541397301562	1	28	28	40988
2	1541397303221	1	28	28	40988
2	1541397309681	1	28	28	40988
2	1541397320224	1	28	28	40988
2	1541397325087	1	28	29	40989
2	1541397483861	1	28	31	40991
2	1541397510308	1	28	31	40991
2	1545000227141	1	7	35	40995
2	1545000234038	1	7	4	40964
2	1545000235196	1	7	4	40964
2	1545000249150	1	7	35	40995
2	1545000250142	1	7	35	40995
2	1545000251282	1	7	35	40995
2	1545000253462	1	7	35	40995
2	1545000254422	1	7	35	40995
2	1545000256408	1	7	35	40995
2	1545000260161	1	7	35	40995
2	1545000260221	1	7	35	40995
2	1545000262262	1	7	35	40995
2	1545000265037	1	7	35	40995
2	1545000267241	1	7	35	40995
2	1545000267696	1	7	35	40995
2	1545000270181	1	7	35	40995
2	1545000271210	1	7	35	40995
2	1545000271338	1	7	35	40995
2	1545000273226	1	7	35	40995
2	1545000274179	1	7	35	40995
2	1545000277298	1	7	35	40995
2	1545000277375	1	7	35	40995
2	1545000280269	1	7	35	40995
2	1545000281122	1	7	35	40995
2	1545000282138	1	7	35	40995
2	1545000282192	1	7	35	40995
2	1545000297232	1	7	34	40994
2	1545000299162	1	7	34	40994
2	1545000301150	1	7	34	40994
2	1545000304198	1	7	34	40994
2	1545000304538	1	7	34	40994
2	1545000307079	1	7	34	40994
2	1545000309358	1	7	34	40994
2	1545000317122	1	7	34	40994
2	1545000330350	1	7	34	40994
2	1545000332162	1	7	34	40994
2	1545000341222	1	7	34	40994
2	1545000343162	1	7	34	40994
2	1545000346342	1	7	34	40994
2	1545000347295	1	7	34	40994
2	1545000350077	1	7	34	40994
2	1545000351122	1	7	34	40994
2	1545000352142	1	7	34	40994
2	1545000354153	1	7	34	40994
2	1545000357122	1	7	34	40994
2	1545000358142	1	7	34	40994
2	1545000361242	1	7	34	40994
2	1545000362262	1	7	34	40994
2	1545000363129	1	7	34	40994
2	1545000364057	1	7	34	40994
2	1545000366182	1	7	34	40994
2	1545000368242	1	7	34	40994
2	1545000369338	1	7	34	40994
2	1545000374182	1	7	34	40994
2	1545000375215	1	7	34	40994
2	1545000376121	1	7	34	40994
2	1545000379081	1	7	34	40994
2	1545000393182	1	7	34	40994
2	1545000394182	1	7	34	40994
2	1545000394356	1	7	34	40994
2	1545000402150	1	7	34	40994
2	1545000406152	1	7	34	40994
2	1545000407199	1	7	34	40994
2	1545000408542	1	7	34	40994
2	1545000410356	1	7	34	40994
2	1545000411161	1	7	34	40994
2	1545000413302	1	7	34	40994
2	1545000415263	1	7	34	40994
2	1545000419201	1	7	34	40994
2	1545000419998	1	7	34	40994
2	1545000421378	1	7	34	40994
2	1545000424221	1	7	34	40994
2	1545000425221	1	7	34	40994
2	1545000433141	1	7	34	40994
2	1545000435217	1	7	34	40994
2	1545000435465	1	7	34	40994
2	1545000436098	1	7	34	40994
2	1545000436829	1	7	34	40994
2	1545000439141	1	7	34	40994
2	1545000441147	1	7	34	40994
2	1545000443163	1	7	34	40994
2	1545000445549	1	7	34	40994
2	1545000447098	1	7	34	40994
2	1545000478231	1	7	34	40994
2	1545000498169	1	7	34	40994
2	1545000501201	1	7	34	40994
2	1545000544245	1	7	35	40995
2	1545000546141	1	7	35	40995
2	1545000557112	1	7	34	40994
2	1545000557623	1	7	34	40994
2	1545000559141	1	7	34	40994
2	1545000560057	1	7	34	40994
2	1545000635117	1	7	33	40993
2	1545000643232	1	7	33	40993
2	1545000645177	1	7	33	40993
2	1545000646122	1	7	33	40993
2	1545000649097	1	7	33	40993
2	1545000654292	1	7	33	40993
2	1545000655143	1	7	33	40993
2	1545000722053	1	7	32	40992
2	1545000724122	1	7	32	40992
2	1545000725389	1	7	32	40992
2	1545000726152	1	7	32	40992
2	1545000727290	1	7	32	40992
2	1545000729092	1	7	32	40992
2	1545000731160	1	7	32	40992
2	1545000749072	1	7	96	41056
2	1545000809112	1	7	2	40962
2	1545000816218	1	7	2	40962
2	1545000821112	1	7	2	40962
2	1545000825092	1	7	2	40962
2	1545000829252	1	7	2	40962
2	1545000831544	1	7	2	40962
2	1545000833100	1	7	2	40962
2	1545008079098	1	7	2	40962
2	1545008083150	1	7	2	40962
2	1545008085399	1	7	2	40962
2	1545008098205	1	7	2	40962
2	1545008102135	1	7	2	40962
2	1545026130254	1	7	2	40962
2	1545026131543	1	7	2	40962
2	1545026131672	1	7	2	40962
2	1545026134409	1	7	2	40962
2	1545026136214	1	7	2	40962
2	1545026139650	1	7	2	40962
19	1544999926302	1	19	45	41005
19	1544999928678	1	19	45	41005
19	1544999931122	1	19	45	41005
19	1544999936190	1	19	45	41005
19	1544999938239	1	19	45	41005
19	1544999939440	1	19	45	41005
19	1544999941202	1	19	45	41005
19	1544999947319	1	19	45	41005
19	1544999953582	1	19	45	41005
19	1544999955142	1	19	45	41005
19	1544999957120	1	19	45	41005
19	1544999962318	1	19	45	41005
19	1544999962422	1	19	45	41005
19	1544999967198	1	19	45	41005
19	1544999975258	1	19	45	41005
19	1544999980140	1	19	45	41005
19	1544999980618	1	19	45	41005
19	1544999981292	1	19	45	41005
19	1544999982442	1	19	45	41005
19	1544999987098	1	19	45	41005
19	1544999990337	1	19	45	41005
19	1544999998118	1	19	45	41005
19	1545000000162	1	19	45	41005
19	1545000002201	1	19	45	41005
19	1545000004338	1	19	45	41005
19	1545000004422	1	19	45	41005
19	1545000008121	1	19	45	41005
19	1545000010142	1	19	45	41005
19	1545000011504	1	19	45	41005
19	1545000011601	1	19	45	41005
19	1545000018158	1	19	45	41005
19	1545000028297	1	19	45	41005
19	1545000031138	1	19	45	41005
19	1545000036117	1	19	45	41005
19	1545000036460	1	19	45	41005
19	1545000041142	1	19	45	41005
19	1545000049078	1	19	45	41005
19	1545000056372	1	19	45	41005
19	1545000057398	1	19	45	41005
19	1545000062183	1	19	45	41005
19	1545000070202	1	19	45	41005
19	1545000074182	1	19	45	41005
19	1545000080570	1	19	45	41005
19	1545000086341	1	19	45	41005
19	1545000090298	1	19	45	41005
19	1545000094098	1	19	45	41005
19	1545000097239	1	19	45	41005
19	1545000104118	1	19	45	41005
19	1545000106157	1	19	45	41005
19	1545000112178	1	19	45	41005
19	1545000131281	1	19	45	41005
19	1545000135038	1	19	45	41005
19	1545000136122	1	19	45	41005
19	1545000143219	1	19	45	41005
19	1545000145162	1	19	45	41005
19	1545000146250	1	19	45	41005
19	1545000149341	1	19	45	41005
19	1545000154726	1	19	45	41005
19	1545000160058	1	19	45	41005
19	1545000167118	1	19	46	41006
19	1545000171378	1	19	45	41005
19	1545000173118	1	19	45	41005
19	1545000186078	1	19	46	41006
19	1545000188878	1	19	46	41006
19	1545000191142	1	19	46	41006
19	1545000204281	1	19	46	41006
19	1545000208146	1	19	45	41005
19	1545000208796	1	19	45	41005
19	1545000210162	1	19	45	41005
19	1545000212341	1	19	45	41005
19	1545000219282	1	19	45	41005
19	1545000220057	1	19	45	41005
19	1545000222158	1	19	45	41005
19	1545000223162	1	19	45	41005
19	1545000224163	1	19	45	41005
19	1545000225099	1	19	45	41005
19	1545000225601	1	19	45	41005
19	1545000234142	1	19	45	41005
19	1545000243318	1	19	45	41005
19	1545000248541	1	19	45	41005
19	1545000265282	1	19	46	41006
19	1545000268401	1	19	46	41006
19	1545000276420	1	19	45	41005
19	1545000294182	1	19	45	41005
19	1545000307096	1	19	45	41005
19	1545000338186	1	19	45	41005
19	1545000340142	1	19	45	41005
19	1545000348130	1	19	45	41005
19	1545000361316	1	19	45	41005
19	1545000362262	1	19	45	41005
19	1545000371174	1	19	45	41005
19	1545000381342	1	19	45	41005
19	1545000385177	1	19	45	41005
19	1545000388436	1	19	45	41005
19	1545000399231	1	19	45	41005
19	1545000413256	1	19	45	41005
19	1545000417084	1	19	45	41005
19	1545000421161	1	19	45	41005
19	1545000422161	1	19	45	41005
19	1545000428341	1	19	45	41005
19	1545000471658	1	19	45	41005
19	1545000474422	1	19	45	41005
19	1545000482269	1	19	45	41005
19	1545000486839	1	19	45	41005
19	1545000490181	1	19	45	41005
19	1545000498169	1	19	45	41005
19	1545000515421	1	19	45	41005
19	1545000521117	1	19	45	41005
19	1545000527082	1	19	45	41005
19	1545000530190	1	19	45	41005
19	1545000531141	1	19	45	41005
19	1545000533345	1	19	45	41005
19	1545000536191	1	19	45	41005
19	1545000540236	1	19	45	41005
19	1545000562396	1	19	45	41005
19	1545000567135	1	19	45	41005
19	1545000574203	1	19	45	41005
19	1545000584102	1	19	45	41005
19	1545000612137	1	19	45	41005
19	1545000616257	1	19	45	41005
19	1545000617323	1	19	45	41005
19	1545000624132	1	19	45	41005
19	1545000661139	1	19	45	41005
19	1545000667441	1	19	45	41005
19	1545000686082	1	19	45	41005
19	1545000705117	1	19	45	41005
19	1545000707057	1	19	45	41005
19	1545000719101	1	19	46	41006
19	1545000719222	1	19	46	41006
19	1545000721202	1	19	46	41006
19	1545000723057	1	19	46	41006
19	1545000731122	1	19	46	41006
19	1545000737211	1	19	46	41006
19	1545000738162	1	19	46	41006
19	1545000739116	1	19	46	41006
19	1545000740241	1	19	46	41006
19	1545000741142	1	19	46	41006
19	1545000814182	1	19	84	41044
19	1545000824182	1	19	84	41044
19	1545000825422	1	19	84	41044
19	1545000825849	1	19	84	41044
19	1545000827338	1	19	84	41044
19	1545000829201	1	19	84	41044
19	1545000835294	1	19	84	41044
19	1545000836038	1	19	84	41044
19	1545000841476	1	19	84	41044
19	1545000844362	1	19	84	41044
19	1545000845402	1	19	84	41044
19	1545000857121	1	19	83	41043
19	1545000864162	1	19	83	41043
19	1545000866878	1	19	83	41043
19	1545000868122	1	19	83	41043
19	1545000869098	1	19	83	41043
19	1545000871162	1	19	83	41043
19	1545000875361	1	19	83	41043
19	1545000876118	1	19	83	41043
19	1545000877202	1	19	83	41043
19	1545000880422	1	19	83	41043
19	1545000883402	1	19	83	41043
19	1545000884141	1	19	83	41043
19	1545000885242	1	19	83	41043
19	1545000886198	1	19	83	41043
19	1545000887373	1	19	83	41043
19	1545000888178	1	19	83	41043
19	1545000890157	1	19	83	41043
19	1545000890165	1	19	83	41043
19	1545000891190	1	19	83	41043
19	1545000918358	1	19	82	41042
19	1545000925454	1	19	82	41042
19	1545000927129	1	19	82	41042
19	1545000928262	1	19	82	41042
19	1545000931161	1	19	82	41042
19	1545000932241	1	19	82	41042
19	1545000953282	1	19	79	41039
19	1545000955242	1	19	79	41039
19	1545000957190	1	19	79	41039
19	1545000959322	1	19	79	41039
19	1545000962162	1	19	79	41039
19	1545000964221	1	19	79	41039
19	1545000969162	1	19	79	41039
19	1545000970322	1	19	79	41039
19	1545000971202	1	19	79	41039
19	1545000973184	1	19	79	41039
19	1545000975161	1	19	79	41039
19	1545000977136	1	19	79	41039
19	1545001019480	1	19	74	41034
19	1545001020221	1	19	74	41034
19	1545001021382	1	19	74	41034
19	1545001024322	1	19	74	41034
19	1545001024799	1	19	74	41034
19	1545001026830	1	19	74	41034
19	1545001083101	1	19	73	41033
19	1545001090241	1	19	73	41033
19	1545001091302	1	19	73	41033
19	1545001093182	1	19	73	41033
19	1545001094208	1	19	73	41033
19	1545001095210	1	19	73	41033
19	1545001122362	1	19	34	40994
19	1545001195212	1	19	33	40993
19	1545001197182	1	19	33	40993
19	1545001199061	1	19	33	40993
19	1545001201142	1	19	33	40993
19	1545001202323	1	19	33	40993
19	1545001203141	1	19	33	40993
19	1545001207141	1	19	33	40993
19	1545001208322	1	19	33	40993
19	1545001211262	1	19	33	40993
19	1545001214120	1	19	33	40993
19	1545001216210	1	19	33	40993
19	1545001217242	1	19	33	40993
19	1545001290173	1	19	32	40992
19	1545001293562	1	19	32	40992
19	1545001297382	1	19	32	40992
19	1545001298454	1	19	32	40992
19	1545001300081	1	19	32	40992
19	1545001311133	1	19	96	41056
19	1545001313272	1	19	96	41056
19	1545001372252	1	19	2	40962
19	1545001373297	1	19	2	40962
19	1545001379172	1	19	2	40962
19	1545001380072	1	19	2	40962
19	1545001382341	1	19	2	40962
19	1545001383452	1	19	2	40962
19	1545001387252	1	19	2	40962
19	1545001389200	1	19	2	40962
19	1545001390111	1	19	2	40962
19	1545001392347	1	19	2	40962
19	1545001397180	1	19	2	40962
19	1545008081846	1	19	2	40962
19	1545008083359	1	19	2	40962
19	1545008084496	1	19	2	40962
19	1545008086220	1	19	2	40962
19	1545008086740	1	19	2	40962
19	1545008090209	1	19	2	40962
19	1545008097183	1	19	2	40962
19	1545008106303	1	19	2	40962
19	1545008108322	1	19	2	40962
19	1545031248417	1	19	30	40990
19	1545031250138	1	19	30	40990
19	1545031251251	1	19	30	40990
19	1545031253056	1	19	30	40990
19	1545031256218	1	19	30	40990
19	1545031258190	1	19	30	40990
19	1545031260235	1	19	30	40990
19	1545031261130	1	19	30	40990
19	1545031262406	1	19	30	40990
19	1545031265298	1	19	30	40990
19	1545031266237	1	19	30	40990
19	1545031267237	1	19	30	40990
19	1545031267398	1	19	30	40990
19	1545031271180	1	19	30	40990
19	1545031352073	1	19	29	40989
19	1545031353397	1	19	29	40989
19	1545031354050	1	19	29	40989
19	1545031355118	1	19	29	40989
19	1545031357490	1	19	29	40989
19	1545031358190	1	19	29	40989
19	1545031359538	1	19	29	40989
19	1545031360070	1	19	29	40989
19	1545031361391	1	19	29	40989
19	1545031363390	1	19	29	40989
19	1545031439209	1	19	61	41021
19	1545031456285	1	19	71	41031
19	1545031458251	1	19	71	41031
19	1545031459050	1	19	71	41031
19	1545031460177	1	19	71	41031
19	1545031462430	1	19	71	41031
19	1545031468218	1	19	74	41034
19	1545031469203	1	19	74	41034
19	1545031478326	1	19	79	41039
19	1545031479643	1	19	79	41039
19	1545031488297	1	19	82	41042
19	1545031490137	1	19	82	41042
19	1545031490644	1	19	82	41042
19	1545031495158	1	19	82	41042
19	1545031495307	1	19	82	41042
19	1545031498258	1	19	82	41042
19	1545031500132	1	19	82	41042
19	1545031501409	1	19	82	41042
19	1545031503165	1	19	82	41042
19	1545031505205	1	19	83	41043
19	1545031506300	1	19	83	41043
19	1545031513357	1	19	84	41044
19	1545031514146	1	19	84	41044
19	1545031515590	1	19	84	41044
19	1545031516183	1	19	84	41044
19	1545031520621	1	19	85	41045
19	1545031521617	1	19	85	41045
19	1545031523141	1	19	85	41045
19	1545031531307	1	19	86	41046
19	1545031533257	1	19	86	41046
19	1545031540374	1	19	45	41005
19	1545031541373	1	19	45	41005
19	1545031543126	1	19	45	41005
19	1545031543129	1	19	45	41005
\.


--
-- TOC entry 2036 (class 0 OID 16394)
-- Dependencies: 175
-- Data for Name: td_rating; Type: TABLE DATA; Schema: geko; Owner: postgres
--

COPY geko.td_rating (cuser_id, rating_date, rating, shortcut, detour, wrongway, elapsedtime, user_id, last_modified) FROM stdin;
ctest01	2018-12-17	3	\N	\N	\N	\N	test	2019-12-19 17:11:40.296
ctest02	2018-11-05	0	5	43	0	53	test	2019-11-27 15:21:40.671
ctest01	2018-09-24	0	0	169	0	3	test	2019-11-27 15:22:53.168
ctest19	2020-03-19	2	\N	\N	\N	\N	test	2020-03-19 16:06:44.727
ctest19	2020-03-18	3	\N	\N	\N	\N	test	2020-03-19 16:09:17.547
ctest02	2018-12-17	2	4	0	0	0	test	2020-03-25 17:17:37.332
ctest01	2020-03-25	3	\N	\N	\N	\N	test	2020-03-25 17:22:47.54
ctest01	2020-03-24	4	\N	\N	\N	\N	test	2020-03-25 17:36:58.546
ctest01	2020-03-23	4	\N	\N	\N	\N	test	2020-03-25 17:39:39.573
ctest01	2020-03-26	4	\N	\N	\N	\N	test	2020-03-25 17:40:00.289
ctest01	2020-03-27	5	\N	\N	\N	\N	test	2020-03-25 17:40:09.318
ctest02	2020-03-24	5	\N	\N	\N	\N	test	2020-03-25 17:40:54.04
ctest02	2020-03-23	5	\N	\N	\N	\N	test	2020-03-25 17:41:03.287
ctest02	2020-03-25	4	\N	\N	\N	\N	test	2020-03-25 17:49:55.337
ctest02	2020-03-27	4	\N	\N	\N	\N	test	2020-03-25 17:50:04.697
ctest02	2020-03-26	3	\N	\N	\N	\N	test	2020-03-25 17:51:45.266
ctest19	2020-03-23	4	\N	\N	\N	\N	test	2020-03-25 17:56:58.939
ctest19	2020-03-25	5	\N	\N	\N	\N	test	2020-03-25 17:57:30.069
ctest01	2020-03-17	4	\N	\N	\N	\N	test	2020-03-25 18:07:11.994
ctest01	2020-03-19	5	\N	\N	\N	\N	test	2020-03-25 18:07:48.465
ctest19	2018-12-17	4	0	11	0	2	test	2020-03-25 18:08:44.151
\.


--
-- TOC entry 2038 (class 0 OID 16407)
-- Dependencies: 177
-- Data for Name: td_sensor; Type: TABLE DATA; Schema: geko; Owner: postgres
--

COPY geko.td_sensor (sensor_id, recv_timestamp, accl_x, accl_y, accl_z, angl_x, angl_y, angl_z, temperature, pressure) FROM stdin;
\.


--
-- TOC entry 2041 (class 0 OID 16422)
-- Dependencies: 180
-- Data for Name: tm_authority; Type: TABLE DATA; Schema: geko; Owner: postgres
--

COPY geko.tm_authority (user_id, cuser_id, last_modified) FROM stdin;
test	ctest01	2019-10-02 09:38:02.615
test	ctest02	2019-10-02 09:38:09.052
admin	ctest01	2019-10-02 09:38:14.084
admin	ctest02	2019-10-02 09:38:19.208
admin	ctest03	2019-10-02 09:38:24.084
admin	ctest04	2019-10-02 09:38:28.537
admin	ctest05	2019-10-02 09:38:32.755
admin	ctest06	2019-10-02 09:38:37.787
admin	ctest07	2019-10-02 09:38:41.818
admin	ctest08	2019-10-02 09:38:45.881
admin	ctest09	2019-10-02 09:38:50.006
admin	ctest10	2019-10-02 09:38:53.99
admin	ctest11	2019-10-02 09:38:57.787
test	ctest19	2019-10-02 09:39:01.865
\.


--
-- TOC entry 2042 (class 0 OID 16428)
-- Dependencies: 181
-- Data for Name: tm_point; Type: TABLE DATA; Schema: geko; Owner: postgres
--

COPY geko.tm_point (id, type, lon, lat, marker_type, marker_icon, marker_comment, note, invalid, user_id, last_modified) FROM stdin;
40961	1	137.004978	34.999082				A001[1]	f	admin	2019-10-02 09:46:02.591
40962	0	137.004881	34.999860				A002[2]	f	admin	2019-10-02 09:46:02.622
40963	1	137.001577	35.005374				A003[3]	f	admin	2019-10-02 09:46:02.638
40964	1	137.004548	35.002607				A004[4]	f	admin	2019-10-02 09:46:02.638
40965	1	137.004494	35.003174				A005[5]	f	admin	2019-10-02 09:46:02.638
40966	1	137.004382	35.004027				A006[6]	f	admin	2019-10-02 09:46:02.638
40967	1	137.004274	35.004926				A007[7]	f	admin	2019-10-02 09:46:02.638
40968	1	137.004221	35.005374				A008[8]	f	admin	2019-10-02 09:46:02.638
40969	1	137.000330	35.000011				A009[9]	t	admin	2019-10-02 09:46:02.654
40970	1	137.000408	35.000459				A00A[10]	t	admin	2019-10-02 09:46:02.654
40971	1	137.000577	35.001050				A00B[11]	t	admin	2019-10-02 09:46:02.654
40972	1	137.001574	35.005847				A00C[12]	f	admin	2019-10-02 09:46:02.654
40973	1	136.999987	35.003558				A00D[13]	t	admin	2019-10-02 09:46:02.654
40974	1	137.000289	35.005351				A00E[14]	f	admin	2019-10-02 09:46:02.654
40975	1	137.000215	35.004904				A00F[15]	f	admin	2019-10-02 09:46:02.669
40976	1	137.000140	35.004443				A010[16]	f	admin	2019-10-02 09:46:02.669
40977	1	137.000061	35.003991				A011[17]	f	admin	2019-10-02 09:46:02.669
40978	1	136.999987	35.003558				A012[18]	f	admin	2019-10-02 09:46:02.669
40979	1	136.999896	35.002967				A013[19]	f	admin	2019-10-02 09:46:02.669
40980	1	136.999791	35.002371				A014[20]	f	admin	2019-10-02 09:46:02.669
40981	1	137.001277	35.003045				A015[21]	t	admin	2019-10-02 09:46:02.685
40982	1	136.999234	35.001114				A016[22]	f	admin	2019-10-02 09:46:02.685
40983	1	136.998907	35.000657				A017[23]	f	admin	2019-10-02 09:46:02.685
40984	1	136.998762	35.000452				A018[24]	t	admin	2019-10-02 09:46:02.685
40985	1	136.998358	34.999854				A019[25]	f	admin	2019-10-02 09:46:02.685
40986	1	136.999331	34.999735				A01A[26]	f	admin	2019-10-02 09:46:02.685
40987	1	136.999856	34.999646				A01B[27]	f	admin	2019-10-02 09:46:02.701
40988	1	137.000692	34.999540				A01C[28]	f	admin	2019-10-02 09:46:02.701
40989	0	137.002135	34.999378				A01D[29]	f	admin	2019-10-02 09:46:02.701
40990	1	137.003508	34.999211				A01E[30]	f	admin	2019-10-02 09:46:02.701
40991	1	137.004468	34.999083				A01F[31]	f	admin	2019-10-02 09:46:02.701
40992	1	137.004329	35.000811				A020[32]	f	admin	2019-10-02 09:46:02.701
40993	1	137.003992	35.001436				A021[33]	f	admin	2019-10-02 09:46:02.716
40994	1	137.003581	35.002192				A022[34]	f	admin	2019-10-02 09:46:02.716
40995	1	137.004014	35.002387				A023[35]	f	admin	2019-10-02 09:46:02.716
40996	1	137.003913	35.003160				A024[36]	f	admin	2019-10-02 09:46:02.716
40997	1	137.003854	35.003585				A025[37]	f	admin	2019-10-02 09:46:02.716
40998	1	137.003813	35.004024				A026[38]	f	admin	2019-10-02 09:46:02.732
40999	1	137.003786	35.004462				A027[39]	f	admin	2019-10-02 09:46:02.732
41000	1	137.003749	35.004897				A028[40]	f	admin	2019-10-02 09:46:02.732
41001	1	137.002590	35.003102				A029[41]	t	admin	2019-10-02 09:46:02.732
41002	1	137.002757	35.005372				A02A[42]	f	admin	2019-10-02 09:46:02.732
41003	1	137.001577	35.005374				A02B[43]	t	admin	2019-10-02 09:46:02.732
41004	1	137.001502	35.004912				A02C[44]	f	admin	2019-10-02 09:46:02.732
41005	1	137.001459	35.004453				A02D[45]	f	admin	2019-10-02 09:46:02.747
41006	1	137.001421	35.004006				A02E[46]	f	admin	2019-10-02 09:46:02.747
41007	1	137.001341	35.003574				A02F[47]	f	admin	2019-10-02 09:46:02.747
41008	1	137.001277	35.003045				A030[48]	f	admin	2019-10-02 09:46:02.747
41009	1	137.000366	35.002997				A031[49]	f	admin	2019-10-02 09:46:02.747
41010	1	137.000330	35.002701				A032[50]	t	admin	2019-10-02 09:46:02.747
41011	1	137.000290	35.002323				A033[51]	f	admin	2019-10-02 09:46:02.763
41012	1	137.000183	35.001814				A034[52]	f	admin	2019-10-02 09:46:02.763
41013	1	137.000113	35.001422				A035[53]	f	admin	2019-10-02 09:46:02.763
41014	1	137.000039	35.000948				A036[54]	f	admin	2019-10-02 09:46:02.763
41015	1	136.999936	35.000512				A037[55]	f	admin	2019-10-02 09:46:02.763
41016	1	137.000204	34.999615				A038[56]	t	admin	2019-10-02 09:46:02.763
41017	1	137.000797	34.999943				A039[57]	f	admin	2019-10-02 09:46:02.779
41018	1	137.000880	35.000402				A03A[58]	f	admin	2019-10-02 09:46:02.779
41019	1	137.000966	35.000758				A03B[59]	f	admin	2019-10-02 09:46:02.779
41020	1	137.001898	35.000570				A03C[60]	f	admin	2019-10-02 09:46:02.779
41021	1	137.002265	35.000501				A03D[61]	f	admin	2019-10-02 09:46:02.779
41022	0	137.002919	35.000514				A03E[62]	f	admin	2019-10-02 09:46:02.779
41023	1	137.003723	35.000662				A03F[63]	f	admin	2019-10-02 09:46:02.779
41024	1	137.003546	35.001250				A040[64]	f	admin	2019-10-02 09:46:02.794
41025	1	137.002836	35.001102				A041[65]	f	admin	2019-10-02 09:46:02.794
41026	1	137.002343	35.001050				A042[66]	f	admin	2019-10-02 09:46:02.794
41027	1	137.001985	35.001105				A043[67]	f	admin	2019-10-02 09:46:02.794
41028	1	137.001025	35.001277				A044[68]	f	admin	2019-10-02 09:46:02.794
41029	1	137.001079	35.001751				A045[69]	f	admin	2019-10-02 09:46:02.81
41030	1	137.001757	35.001675				A046[70]	f	admin	2019-10-02 09:46:02.81
41031	1	137.002407	35.001615				A047[71]	f	admin	2019-10-02 09:46:02.81
41032	1	137.003366	35.001685				A048[72]	f	admin	2019-10-02 09:46:02.81
41033	1	137.003213	35.002155				A049[73]	f	admin	2019-10-02 09:46:02.81
41034	1	137.002465	35.002108				A04A[74]	f	admin	2019-10-02 09:46:02.81
41035	1	137.001835	35.002173				A04B[75]	t	admin	2019-10-02 09:46:02.826
41036	1	137.001145	35.002224				A04C[76]	f	admin	2019-10-02 09:46:02.826
41037	1	137.001239	35.002688				A04D[77]	f	admin	2019-10-02 09:46:02.826
41038	1	137.002156	35.002661				A04E[78]	f	admin	2019-10-02 09:46:02.826
41039	1	137.002543	35.002661				A04F[79]	f	admin	2019-10-02 09:46:02.826
41040	1	137.003304	35.002718				A050[80]	f	admin	2019-10-02 09:46:02.826
41041	1	137.003096	35.003119				A051[81]	f	admin	2019-10-02 09:46:02.826
41042	1	137.002590	35.003102				A052[82]	f	admin	2019-10-02 09:46:02.841
41043	1	137.002628	35.003577				A053[83]	f	admin	2019-10-02 09:46:02.841
41044	1	137.002654	35.004019				A054[84]	f	admin	2019-10-02 09:46:02.841
41045	1	137.002676	35.004460				A055[85]	f	admin	2019-10-02 09:46:02.841
41046	1	137.002140	35.004462				A056[86]	f	admin	2019-10-02 09:46:02.841
41047	1	137.002108	35.004910				A057[87]	f	admin	2019-10-02 09:46:02.841
41048	1	137.002721	35.004915				A058[88]	f	admin	2019-10-02 09:46:02.857
41049	1	137.003357	35.004906				A059[89]	f	admin	2019-10-02 09:46:02.857
41050	1	137.003352	35.004462				A05A[90]	f	admin	2019-10-02 09:46:02.857
41051	1	137.004537	35.004725				A05B[91]	t	admin	2019-10-02 09:46:02.857
41052	1	137.004537	35.004725				A05C[92]	t	admin	2019-10-02 09:46:02.857
41053	1	137.004168	35.000354				A05D[93]	t	admin	2019-10-02 09:46:02.872
41054	1	137.004168	35.000354				A05E[94]	t	admin	2019-10-02 09:46:02.872
41055	1	137.004168	35.000354				A05F[95]	t	admin	2019-10-02 09:46:02.872
41056	1	137.004479	35.000500				A060[96]	f	admin	2019-10-02 09:46:02.872
41057	1	136.998537	35.000824				A061[97]	t	admin	2019-10-02 09:46:02.872
41058	1	136.998537	35.000824				A062[98]	t	admin	2019-10-02 09:46:02.872
41059	1	137.004737	35.000946				A063[99]	f	admin	2019-10-02 09:46:02.888
41060	1	137.004924	34.999434				A064[100]	t	admin	2019-10-02 09:46:02.888
41061	1	137.004629	35.001825				A065[101]	t	admin	2019-10-02 09:46:02.888
41062	1	137.004586	35.002252				A066[102]	t	admin	2019-10-02 09:46:02.888
41063	1	137.001947	35.002160				A067[103]	f	admin	2019-10-02 09:46:02.888
41064	1	136.999331	34.999735				A068[104]	t	admin	2019-10-02 09:46:02.888
41065	1	136.999856	34.999646				A069[105]	t	admin	2019-10-02 09:46:02.888
41066	1	137.000692	34.999540				A06A[106]	t	admin	2019-10-02 09:46:02.904
41067	1	137.001029	34.999606				A06B[107]	t	admin	2019-10-02 09:46:02.904
41068	1	137.001706	35.001340				A06C[108]	t	admin	2019-10-02 09:46:02.904
41069	1	137.001706	35.001340				A06D[109]	t	admin	2019-10-02 09:46:02.904
41070	1	137.001706	35.001340				A06E[110]	t	admin	2019-10-02 09:46:02.904
41071	1	137.000665	35.001539				A06F[111]	t	admin	2019-10-02 09:46:02.904
41072	1	137.000577	35.001050				A070[112]	t	admin	2019-10-02 09:46:02.919
41073	1	137.000577	35.001050				A071[113]	t	admin	2019-10-02 09:46:02.919
41074	1	137.000907	35.005359				A072[114]	t	admin	2019-10-02 09:46:02.919
45112	1	136.999903	35.000046				B038[56]	t	admin	2019-10-02 09:46:02.919
45146	1	137.003352	35.004462				B05A[90]	t	admin	2019-10-02 09:46:02.919
5	2	137.003009	35.003408	red	comment-dots	住宅地→工場	\N	f	admin	2019-12-16 17:54:07.439
4	2	136.998632	35.002107	orange	comment-dots	工場→住宅地	\N	f	admin	2019-12-16 17:55:18.244
3	2	137.000542	35.003742	red	comment-dots	住宅地	\N	t	admin	2019-12-16 17:56:12.056
1	2	137.003352	35.004462	blue	comment-dots	'交通安全'	\N	t	admin	2019-12-16 00:00:00
6	2	137.001014	35.004480	orange	comment-dots	注意してね	\N	f	test	2019-12-16 18:01:23.194
7	2	137.000520	35.002212	orange	comment-dots	注意を追加	\N	f	test	2019-12-19 17:13:27.337
9	2	136.999683	35.000244	blue	grin-squint	安全を追加	\N	f	test	2019-12-19 17:14:02.435
8	2	137.002559	35.006905	red	comment-dots	危険を追加	\N	t	test	2019-12-19 17:15:07.326
2	2	137.001550	35.000279	blue	comment-dots	公園→公園→更新	\N	f	test	2019-12-19 17:15:27.253
10	2	137.000949	35.003654	blue	grin-beam-sweat	安全を追加・更新	\N	t	test	2020-03-24 15:15:14.747
16	2	137.002859	35.007099	blue	comment-dots	大阪から遠い	\N	f	test	2020-03-24 16:49:15.899
20	2	137.002207	35.000084	orange	comment-dots	きいろい	\N	f	test	2020-03-24 17:39:45.932
18	2	137.003457	34.999414	red	comment-dots	めっせーじ２	\N	t	test	2020-03-25 08:50:43.607
11	2	137.004181	35.000026	red	comment-dots	car-port	\N	t	test	2020-03-25 08:50:53.419
14	2	137.003252	35.000440	red	comment-dots	かかか	\N	t	test	2020-03-25 08:50:58.338
13	2	137.002884	35.001617	red	comment-dots	おおさか	\N	t	test	2020-03-25 08:51:02.762
12	2	137.002743	35.001964	red	comment-dots	あかさか	\N	t	test	2020-03-25 08:51:19.866
19	2	137.004364	34.999230	blue	comment-dots	はんぶんあおい	\N	f	test	2020-03-25 10:02:35.014
21	2	137.004417	35.001045	red	comment-dots	あかあかあか	\N	t	test	2020-03-25 10:20:53.812
22	2	137.005226	35.000252	red	comment-dots	はんぶんあかい	\N	f	test	2020-03-25 10:21:22.418
17	2	137.003653	34.999927	red	comment-dots		\N	t	test	2020-03-25 10:46:51.264
15	2	137.003335	34.998341	red	comment-dots	ほんとうにきけん	\N	f	test	2020-03-26 11:58:34.466
\.


--
-- TOC entry 2040 (class 0 OID 16417)
-- Dependencies: 179
-- Data for Name: tm_school_route; Type: TABLE DATA; Schema: geko; Owner: postgres
--

COPY geko.tm_school_route (cuser_id, route_no, beacon_id, last_modified) FROM stdin;
ctest01	1	40962	2019-10-02 09:39:12.912
ctest01	2	40992	2019-10-02 09:39:18.413
ctest01	3	41023	2019-10-02 09:39:22.881
ctest02	1	40962	2019-10-02 09:39:27.256
ctest02	2	40992	2019-10-02 09:39:31.335
ctest02	3	40993	2019-10-02 09:39:35.6
ctest02	4	40994	2019-10-02 09:39:40.257
ctest02	5	41040	2019-10-02 09:39:47.241
ctest03	1	40962	2019-10-02 09:40:01.913
ctest03	2	40992	2019-10-02 09:40:01.913
ctest03	3	40993	2019-10-02 09:40:24.265
ctest03	4	40994	2019-10-02 09:40:24.281
ctest03	5	41033	2019-10-02 09:40:24.281
ctest03	6	41034	2019-10-02 09:40:24.281
ctest03	7	41039	2019-10-02 09:40:24.281
ctest03	8	41042	2019-10-02 09:40:24.281
ctest03	9	41043	2019-10-02 09:40:24.281
ctest03	10	41007	2019-10-02 09:40:24.296
ctest04	1	40962	2019-10-02 09:40:24.296
ctest04	2	40992	2019-10-02 09:40:24.296
ctest04	3	40993	2019-10-02 09:40:24.296
ctest04	4	40994	2019-10-02 09:40:24.296
ctest04	5	41033	2019-10-02 09:40:24.296
ctest04	6	41034	2019-10-02 09:40:24.312
ctest04	7	41039	2019-10-02 09:40:24.312
ctest04	8	41042	2019-10-02 09:40:24.312
ctest04	9	41043	2019-10-02 09:40:24.312
ctest04	10	41044	2019-10-02 09:40:24.312
ctest04	11	41006	2019-10-02 09:40:24.312
ctest04	12	41005	2019-10-02 09:40:24.327
ctest05	1	40962	2019-10-02 09:40:24.327
ctest05	2	40992	2019-10-02 09:40:24.327
ctest05	3	40993	2019-10-02 09:40:24.327
ctest05	4	40994	2019-10-02 09:40:24.327
ctest05	5	41033	2019-10-02 09:40:24.327
ctest05	6	41034	2019-10-02 09:40:24.327
ctest05	7	41039	2019-10-02 09:40:24.343
ctest05	8	41042	2019-10-02 09:40:24.343
ctest05	9	41043	2019-10-02 09:40:24.343
ctest05	10	41044	2019-10-02 09:40:24.343
ctest05	11	41045	2019-10-02 09:40:24.343
ctest05	12	41046	2019-10-02 09:40:24.343
ctest06	1	40962	2019-10-02 09:40:24.343
ctest06	2	40992	2019-10-02 09:40:24.343
ctest06	3	40993	2019-10-02 09:40:24.359
ctest06	4	40994	2019-10-02 09:40:24.359
ctest06	5	41033	2019-10-02 09:40:24.359
ctest06	6	41034	2019-10-02 09:40:24.359
ctest06	7	41039	2019-10-02 09:40:24.359
ctest06	8	41042	2019-10-02 09:40:24.359
ctest06	9	41043	2019-10-02 09:40:24.359
ctest06	10	41044	2019-10-02 09:40:24.359
ctest06	11	41045	2019-10-02 09:40:24.374
ctest06	12	41048	2019-10-02 09:40:24.374
ctest06	13	41047	2019-10-02 09:40:24.374
ctest06	14	41004	2019-10-02 09:40:24.374
ctest07	1	41022	2019-10-02 09:40:24.374
ctest07	2	41021	2019-10-02 09:40:24.374
ctest07	3	41020	2019-10-02 09:40:24.374
ctest07	4	41019	2019-10-02 09:40:24.39
ctest07	5	41014	2019-10-02 09:40:24.39
ctest08	1	41022	2019-10-02 09:40:24.39
ctest08	2	41021	2019-10-02 09:40:24.39
ctest08	3	41026	2019-10-02 09:40:24.39
ctest08	4	41031	2019-10-02 09:40:24.39
ctest08	5	41030	2019-10-02 09:40:24.39
ctest08	6	41029	2019-10-02 09:40:24.405
ctest08	7	41012	2019-10-02 09:40:24.405
ctest09	1	40989	2019-10-02 09:40:24.405
ctest09	2	40988	2019-10-02 09:40:24.405
ctest09	3	41017	2019-10-02 09:40:24.405
ctest10	1	40989	2019-10-02 09:40:24.405
ctest10	2	40988	2019-10-02 09:40:24.405
ctest10	3	40987	2019-10-02 09:40:24.405
ctest10	4	41016	2019-10-02 09:40:24.421
ctest11	1	40962	2019-10-02 09:40:24.421
ctest11	2	40963	2019-10-02 09:40:24.421
ctest11	3	41061	2019-10-02 09:40:24.421
ctest11	4	41062	2019-10-02 09:40:24.421
ctest11	5	40964	2019-10-02 09:40:24.421
ctest11	6	40965	2019-10-02 09:40:24.421
ctest11	7	40966	2019-10-02 09:40:24.437
ctest11	8	40967	2019-10-02 09:40:24.437
ctest11	9	40968	2019-10-02 09:40:24.437
ctest11	10	41001	2019-10-02 09:40:24.437
ctest11	11	40970	2019-10-02 09:40:24.437
\.


--
-- TOC entry 2043 (class 0 OID 16436)
-- Dependencies: 182
-- Data for Name: tm_user; Type: TABLE DATA; Schema: geko; Owner: postgres
--

COPY geko.tm_user (user_id, password, role, btx_id, sensor_id, sensor2_id, note, invalid, last_modified) FROM stdin;
ctest03	pw	1	3	C	\N	\N	f	2019-10-02 09:37:02.708
ctest04	pw	1	4	D	\N	\N	f	2019-10-02 09:37:08.692
ctest05	pw	1	5	E	\N	\N	f	2019-10-02 09:37:14.426
ctest06	pw	1	6	F	\N	\N	f	2019-10-02 09:37:19.864
ctest07	pw	1	7	G	\N	\N	f	2019-10-02 09:37:25.27
ctest08	pw	1	8	H	\N	\N	f	2019-10-02 09:37:30.755
ctest09	pw	1	9	I	\N	\N	f	2019-10-02 09:37:36.317
ctest10	pw	1	10	J	\N	\N	f	2019-10-02 09:37:42.302
ctest11	pw	1	11	K	\N	\N	f	2019-10-02 09:37:46.536
test	$2a$08$vibMBw8972SPyB.rz45FIO0LUtftK5XXF7EZQkuwh32BfQ6WBszUu	2	21	001D0034401733434E45	\N	\N	f	2019-10-02 09:36:21.27
admin	$2a$08$jNb50VAfGlADoWWB8wyEJOOs.718BM9z5DLSEjPfDuFKFpyFC0NLu	5	22	AAA	\N	\N	f	2019-10-02 09:36:35.957
ptest01	$2a$08$s9DW/G2udRp7Y8Hvk/6FMuaimwujHONsGJ6EMJvF9z4HvbXGgX.Ky	2	20	BBB	\N	\N	f	2019-10-02 09:36:43.879
ctest01	pw	1	1	A	\N	ctest01	f	2019-10-02 09:36:50.301
ctest02	pw	1	2	B	\N	ctest02	f	2019-10-02 09:36:56.504
ctest19	pw	1	19		\N	ctest19	f	2019-10-02 09:37:51.599
\.


--
-- TOC entry 1916 (class 2606 OID 16406)
-- Name: persistent_logins_pkc; Type: CONSTRAINT; Schema: geko; Owner: postgres; Tablespace: 
--

ALTER TABLE ONLY geko.persistent_logins
    ADD CONSTRAINT persistent_logins_pkc PRIMARY KEY (series);


--
-- TOC entry 1920 (class 2606 OID 16416)
-- Name: td_location_pkc; Type: CONSTRAINT; Schema: geko; Owner: postgres; Tablespace: 
--

ALTER TABLE ONLY geko.td_location
    ADD CONSTRAINT td_location_pkc PRIMARY KEY (btx_id, recv_timestamp);


--
-- TOC entry 1914 (class 2606 OID 16401)
-- Name: td_rating_pkc; Type: CONSTRAINT; Schema: geko; Owner: postgres; Tablespace: 
--

ALTER TABLE ONLY geko.td_rating
    ADD CONSTRAINT td_rating_pkc PRIMARY KEY (cuser_id, rating_date);


--
-- TOC entry 1918 (class 2606 OID 16411)
-- Name: td_sensor_pkc; Type: CONSTRAINT; Schema: geko; Owner: postgres; Tablespace: 
--

ALTER TABLE ONLY geko.td_sensor
    ADD CONSTRAINT td_sensor_pkc PRIMARY KEY (sensor_id, recv_timestamp);


--
-- TOC entry 1924 (class 2606 OID 16435)
-- Name: tm_point_pkc; Type: CONSTRAINT; Schema: geko; Owner: postgres; Tablespace: 
--

ALTER TABLE ONLY geko.tm_point
    ADD CONSTRAINT tm_point_pkc PRIMARY KEY (id);


--
-- TOC entry 1922 (class 2606 OID 16421)
-- Name: tm_school_route_pkc; Type: CONSTRAINT; Schema: geko; Owner: postgres; Tablespace: 
--

ALTER TABLE ONLY geko.tm_school_route
    ADD CONSTRAINT tm_school_route_pkc PRIMARY KEY (cuser_id, route_no);


--
-- TOC entry 1926 (class 2606 OID 16443)
-- Name: tm_user_pkc; Type: CONSTRAINT; Schema: geko; Owner: postgres; Tablespace: 
--

ALTER TABLE ONLY geko.tm_user
    ADD CONSTRAINT tm_user_pkc PRIMARY KEY (user_id);


--
-- TOC entry 2052 (class 0 OID 0)
-- Dependencies: 7
-- Name: SCHEMA public; Type: ACL; Schema: -; Owner: postgres
--

REVOKE ALL ON SCHEMA public FROM PUBLIC;
REVOKE ALL ON SCHEMA public FROM postgres;
GRANT ALL ON SCHEMA public TO postgres;
GRANT ALL ON SCHEMA public TO PUBLIC;


-- Completed on 2020-06-24 17:34:17

--
-- PostgreSQL database dump complete
--

\connect template1

SET default_transaction_read_only = off;

--
-- PostgreSQL database dump
--

-- Dumped from database version 9.4.24
-- Dumped by pg_dump version 9.4.24
-- Started on 2020-06-24 17:34:17

SET statement_timeout = 0;
SET lock_timeout = 0;
SET client_encoding = 'UTF8';
SET standard_conforming_strings = on;
SELECT pg_catalog.set_config('search_path', '', false);
SET check_function_bodies = false;
SET xmloption = content;
SET client_min_messages = warning;

--
-- TOC entry 1990 (class 0 OID 0)
-- Dependencies: 1989
-- Name: DATABASE template1; Type: COMMENT; Schema: -; Owner: postgres
--

COMMENT ON DATABASE template1 IS 'default template for new databases';


--
-- TOC entry 1 (class 3079 OID 11855)
-- Name: plpgsql; Type: EXTENSION; Schema: -; Owner: 
--

CREATE EXTENSION IF NOT EXISTS plpgsql WITH SCHEMA pg_catalog;


--
-- TOC entry 1993 (class 0 OID 0)
-- Dependencies: 1
-- Name: EXTENSION plpgsql; Type: COMMENT; Schema: -; Owner: 
--

COMMENT ON EXTENSION plpgsql IS 'PL/pgSQL procedural language';


--
-- TOC entry 1992 (class 0 OID 0)
-- Dependencies: 6
-- Name: SCHEMA public; Type: ACL; Schema: -; Owner: postgres
--

REVOKE ALL ON SCHEMA public FROM PUBLIC;
REVOKE ALL ON SCHEMA public FROM postgres;
GRANT ALL ON SCHEMA public TO postgres;
GRANT ALL ON SCHEMA public TO PUBLIC;


-- Completed on 2020-06-24 17:34:18

--
-- PostgreSQL database dump complete
--

-- Completed on 2020-06-24 17:34:18

--
-- PostgreSQL database cluster dump complete
--

